Jan Hullin,235 Loeprich Alley,Atlanta,30358,4043428235,GA
Jesse Curnucke,0 Continental Pass,Houston,77250,7134717401,TX
Shell Iapico,50 Judy Terrace,Akron,44305,3305023367,OH
Brendin Spragg,8 Paget Junction,Athens,30610,7064140765,GA
Victor Deniset,7 Nevada Road,Huntington,25705,3045037226,WV
Perrine Geldart,9 Ramsey Road,Lexington,40586,8596169275,KY
Manolo Trinkwon,35171 Summerview Lane,Memphis,38126,9012066781,TN
Irene Utridge,045 Westport Lane,Jackson,39296,6012489931,MS
Geraldine Viccary,8 Jenifer Point,Corpus Christi,78426,3611286433,TX
Savina Margram,68330 Victoria Crossing,Orange,92867,7142367346,CA
Rakel Moquin,42 Lakewood Gardens Pass,Charlottesville,22903,5403274342,VA
Adena Redwing,32 Macpherson Drive,Richmond,23272,8049774917,VA
Deonne Drakes,15434 Pawling Parkway,San Diego,92176,6191536062,CA
Sherill Girodin,5 Jenna Park,Minneapolis,55417,6127200944,MN
Catherin Laydon,4360 Acker Parkway,Murfreesboro,37131,6152307621,TN
Arabela Griggs,4355 Northwestern Road,Canton,44705,3307992197,OH
Milena Dunstall,6 Riverside Drive,Los Angeles,90055,2138083993,CA
Annalee Braga,613 Mayfield Court,San Antonio,78205,2102478024,TX
Ethelin Jermey,7 Cambridge Park,Tulsa,74156,9189919238,OK
Pietrek Monshall,8177 Corscot Pass,Scottsdale,85271,4809699122,AZ
Madelon Rau,7 Meadow Vale Crossing,Columbia,29208,8036273786,SC
Fabian Ferri,9 Upham Hill,Henderson,89012,7025791548,NV
Petronilla O'Skehan,148 Sutherland Center,Denver,80228,7201524293,CO
Ramonda Castellucci,80 Independence Way,Chico,95973,9169349988,CA
Tamera Dysert,83 Hintze Crossing,Wilkes Barre,18706,5706209974,PA
Helen Hicks,7226 Rieder Parkway,Plano,75074,9726711072,TX
Kaitlin Juara,77 Grayhawk Street,Hollywood,33028,3055232471,FL
Eirena Paladini,1966 Kings Court,Savannah,31405,9121605074,GA
Wynnie Folini,3028 Arrowood Court,Tampa,33633,8135283690,FL
Sampson Maier,730 New Castle Crossing,Topeka,66622,7858726360,KS
Ramsey Candey,27 Hauk Avenue,Silver Spring,20910,2407721140,MD
Tillie Stathor,891 Portage Point,Mansfield,44905,4193354910,OH
Mallorie McCafferky,0370 Amoth Pass,Beaumont,77705,4093810991,TX
Cross Hughill,066 Boyd Street,Laurel,20709,4106119637,MD
Trevor Emery,65 Bellgrove Center,Atlanta,30306,4044216196,GA
Matteo Bracer,5882 Ridge Oak Alley,Baltimore,21290,4105108867,MD
Jordan Matthensen,971 Browning Circle,Sacramento,95818,9168747045,CA
Trish Geraud,0009 Claremont Junction,Pittsburgh,15274,4123745945,PA
Novelia Mandre,0 Mariners Cove Place,Los Angeles,90094,3232932583,CA
Melisa Bidmead,2125 Forest Junction,Huntington,25711,3046422899,WV
Whitby Depka,933 Schlimgen Alley,Glendale,91205,8184323996,CA
Caro Clinning,4 Onsgard Junction,San Bernardino,92424,9096692054,CA
Ashbey Bess,4 Loeprich Place,Charlotte,28263,7043383796,NC
Elizabeth Hawksby,5 Sachs Center,Laurel,20709,2028740264,MD
Katine Cabrales,8008 Mandrake Court,Hayward,94544,2098578030,CA
Mordecai Batiste,71331 Sauthoff Circle,Littleton,80161,3039478842,CO
Christos Nunnerley,47 Knutson Park,Memphis,38104,9017382458,TN
Orelle Pavey,9176 Village Parkway,Duluth,30096,6787621710,GA
Tatiania Willowby,97 Maple Point,Philadelphia,19104,2677210513,PA
Alameda Jutson,9667 Toban Place,Baton Rouge,70810,2253723325,LA
Rozamond Scrannage,6906 Aberg Lane,Fredericksburg,22405,5408584738,VA
Joey Missenden,6251 Luster Avenue,Houston,77245,7139320671,TX
Emyle Danzelman,16 Warbler Court,Port Saint Lucie,34985,7723852136,FL
Ginny Izkovitz,73 Kenwood Circle,Schaumburg,60193,3125260078,IL
Olva Duggon,20 Mayer Drive,Corpus Christi,78475,3618835754,TX
Reade Godilington,4223 1st Terrace,Durham,27705,9196823983,NC
Torie Bromhead,39185 Cardinal Alley,New York City,10090,2129961135,NY
Les Alkin,6878 Killdeer Lane,Tacoma,98481,2531304512,WA
Gweneth Darrow,4 Melody Alley,El Paso,88546,9153096808,TX
Curran Bambrick,5903 Bartillon Plaza,Washington,20566,2028492633,DC
Pansy Meins,43 Scofield Hill,Cleveland,44130,2168046512,OH
Farah Lahive,37 Forest Run Lane,Seattle,98148,2067006066,WA
Herb Decker,41392 Evergreen Junction,Washington,20016,2028231872,DC
Yetty Kilcoyne,7 Maple Road,Harrisburg,17121,7176800442,PA
Blondell Arbuckel,1127 Texas Center,Charleston,29403,8436502057,SC
Maiga Wincott,595 Monterey Parkway,Philadelphia,19093,2152821293,PA
Ronna Perkin,2001 Truax Way,Pasadena,91131,6268342399,CA
Bonni Melbert,30426 Helena Alley,Saint Petersburg,33715,7278927176,FL
Edik McGinley,689 Mallard Park,New York City,10029,9172909824,NY
Nanine Tchir,192 Basil Junction,Arvada,80005,3032345249,CO
L;urette Roughsedge,6952 Warner Center,El Paso,79911,9155413052,TX
Piotr Alvaro,7 Cody Trail,Troy,48098,2484719798,MI
Palm Kuhnhardt,0 Warbler Center,Norfolk,23551,7576263271,VA
Allie Gatman,6 Elgar Park,Miami,33233,7865870633,FL
Collen Draper,25999 Coolidge Avenue,Fort Lauderdale,33305,9548771504,FL
Jacklyn Costa,52670 Gina Road,Charlotte,28272,7041243509,NC
Hanson Avrashin,36663 Lyons Terrace,Aurora,80015,7209488751,CO
Sandra Crowden,7 Butternut Alley,Frederick,21705,2402311015,MD
Walden Housecraft,3174 Tennessee Alley,New York City,10110,6466282582,NY
Idalia Scantleberry,97 Basil Road,Fresno,93786,5592882438,CA
Jaimie De Freyne,47061 Pawling Trail,Los Angeles,90071,6264213348,CA
Guillermo Pickaver,525 Carpenter Street,Albuquerque,87201,5055105681,NM
Leonidas Bowskill,6018 Stone Corner Crossing,Philadelphia,19125,2151124500,PA
Elisabet Woodrough,7 Hudson Alley,Lansing,48930,5173626934,MI
Tris Stocks,3286 Columbus Park,Cedar Rapids,52405,3194110539,IA
Omar Lashley,22411 Algoma Place,Greensboro,27415,3369712055,NC
Merrick Simeone,16 Shelley Avenue,Kansas City,64142,8168015874,MO
Norris Northridge,6 Park Meadow Park,Saint Petersburg,33742,7277942787,FL
Lucinda Bettesworth,68195 Rigney Center,Washington,20540,2021740352,DC
Eamon Batchelar,76995 Old Shore Drive,Los Angeles,90020,6268925154,CA
Eudora Kilty,1111 Truax Court,Monticello,55590,7637108908,MN
Issie Mafham,82672 Randy Pass,Madison,53710,6087310113,WI
Ettore Rockingham,6 Boyd Center,Roanoke,24014,5401951120,VA
Cesar Bernardino,645 Burning Wood Lane,Lincoln,68531,4021880526,NE
Darill Ferronet,2 Everett Parkway,Saint Petersburg,33742,7271416247,FL
Elisabeth Shiel,7 Rusk Way,Springfield,62718,2174103293,IL
Rochella Boswell,2912 American Road,Sioux Falls,57188,6056507308,SD
Sorcha MacCaughey,32219 Oak Junction,Littleton,80127,3031988574,CO
Ganny Betke,2804 Manitowish Hill,Charleston,25331,3049979023,WV
Kristal Westpfel,0 Crownhardt Hill,San Diego,92191,6195009294,CA
Obadias Catherall,8 Sheridan Avenue,New Orleans,70174,5048313645,LA
Joell Hurton,08 Sherman Place,Phoenix,85025,6236447558,AZ
Chancey Janczyk,0 Gina Way,Kansas City,64109,8165035603,MO
Bernice Hallad,6001 Buhler Court,Huntsville,77343,9365567987,TX
Nicholas Williscroft,5 Londonderry Alley,Dallas,75353,2142156874,TX
Cornelius Scrowton,92 Steensland Park,Seattle,98148,2069645598,WA
Eldredge MacKnockiter,3711 Stoughton Junction,Dallas,75287,4695198132,TX
Elsy Labro,6 Rusk Pass,Wilkes Barre,18763,5708212145,PA
Adams Skowcraft,09 Carpenter Point,Kingsport,37665,4231498097,TN
Darda Normanton,0 Old Shore Terrace,Austin,78744,5122606322,TX
Olin Crilley,4310 Northview Junction,Katy,77493,8325371329,TX
Zola Armytage,7 Esch Place,San Diego,92121,8589572389,CA
Oliy Nehl,405 Vidon Terrace,Silver Spring,20910,2027102507,MD
Flo Jay,2 Porter Circle,Pensacola,32526,8505839043,FL
Connie Doyley,4803 Ohio Way,Phoenix,85072,6021098301,AZ
Kit Danjoie,98240 Blue Bill Park Avenue,Reston,22096,5714717390,VA
Vilhelmina Bettles,26 Fairview Lane,Los Angeles,90101,2136368380,CA
Gusta Ebbrell,44 Gina Park,Tampa,33694,8134768672,FL
Wolfie Baumer,7132 Elmside Junction,San Francisco,94147,4154285749,CA
Kori O'Hingerty,8086 Hanover Road,Washington,20425,2021459311,DC
Orazio Ansell,92 Gale Crossing,Lake Worth,33467,5619275503,FL
Ardelle Ucceli,40551 Jay Court,Las Vegas,89130,7021777854,NV
Archer Creighton,52 Shelley Street,Kansas City,64109,8164022394,MO
Wait Ofer,02 Elka Alley,Macon,31217,4781174451,GA
Terri Hunnaball,59 Schlimgen Court,Pensacola,32505,8506740316,FL
Waldon Ilewicz,6 Ohio Parkway,Rochester,14614,5853414144,NY
Del Le Floch,2 Waywood Circle,San Angelo,76905,3257869013,TX
Shandie Haryngton,068 Hanover Lane,Newport News,23612,7576551585,VA
Hubie Gadsby,9018 Browning Pass,Saint Petersburg,33731,7272857888,FL
Darby Golden of Ireland,29 Anhalt Lane,San Diego,92115,6193967298,CA
Janifer Benedek,9 Magdeline Junction,Des Moines,50305,5152659660,IA
Wiatt Pithie,3138 Montana Lane,Colorado Springs,80935,7194715349,CO
Maurise Minards,7 Talisman Junction,San Diego,92165,6198163736,CA
Vanya Congreve,6 Sunbrook Point,Phoenix,85067,6025730557,AZ
Brantley Huxton,016 Debra Plaza,Honolulu,96810,8087652578,HI
Hilarius Dashper,12189 Morrow Lane,Columbia,29215,8039651523,SC
Darby Dennerley,08 Summit Alley,Carlsbad,92013,7608405743,CA
Mommy Mouatt,64 Blackbird Plaza,Washington,20456,2027609503,DC
Zacherie Spenclay,1968 Mallory Park,Canton,44705,3309966787,OH
Crin Iwanicki,49139 Oakridge Point,Fort Lauderdale,33355,7548079168,FL
Almeria Guildford,7544 Cambridge Way,Memphis,38114,9013154842,TN
Francine Oneile,435 Homewood Plaza,Evansville,47737,8127297160,IN
Glenda O' Concannon,370 Esker Center,San Francisco,94126,4155231392,CA
Chick Daton,13131 Erie Drive,San Antonio,78230,2105386665,TX
Hyatt Vanichev,2204 Oxford Court,New York City,10165,2121795636,NY
Salem McLewd,3 Vermont Pass,Virginia Beach,23464,7574773789,VA
Wilona Southard,5 Superior Junction,Anchorage,99599,9076591384,AK
Lindy Pepperell,8 Waxwing Street,Youngstown,44505,3306479579,OH
Brian Clendinning,8 Becker Lane,Phoenix,85062,6021728836,AZ
Ardine Cleever,3 Valley Edge Parkway,Chesapeake,23324,7576929430,VA
Kit Bricket,01 Basil Place,El Paso,79994,9155923907,TX
Sherwynd Hargess,9 Kensington Center,San Jose,95155,4088937761,CA
Misti Bagby,61 Ilene Avenue,Columbia,29240,8032596877,SC
Jasun Bernollet,31 Anderson Road,Atlanta,31136,4041728856,GA
Glynis Cammiemile,0093 3rd Way,Dallas,75277,2147466222,TX
Brian Crofthwaite,53881 Duke Center,Evansville,47747,8127440020,IN
Juliane Gremain,59579 Hagan Circle,Mobile,36628,2515161842,AL
Elbertina Kuzemka,7 Dryden Way,Birmingham,35285,2053530672,AL
Hewet Gowan,571 Kings Parkway,Young America,55551,9528976450,MN
Jacquelynn Duerden,1690 Oakridge Way,Bryan,77806,9795070318,TX
Albie Laurand,4 Hoepker Hill,Orange,92668,8586862695,CA
Pieter Ellin,7 Judy Parkway,Washington,20414,2024327856,DC
Rik Swalwell,111 Hintze Trail,Charleston,25336,3047548388,WV
Sayre Soot,3953 Calypso Alley,New York City,10280,3471175194,NY
Kennan Ruddy,47331 Scoville Plaza,Irving,75037,2144519727,TX
Filippo Talkington,810 Cody Plaza,Canton,44705,3309238046,OH
Myrtie Tures,1 8th Drive,Louisville,40256,5021789520,KY
Isa Keuning,38239 Hallows Parkway,Mc Keesport,15134,4125336853,PA
Karleen Rowler,4574 Veith Crossing,Lake Worth,33462,5619903737,FL
Nikola Riddle,9710 Oriole Avenue,Rochester,14609,5857759956,NY
Kattie L'oiseau,661 Ruskin Parkway,Spring,77388,7131709427,TX
Blanca Martelet,1 5th Pass,Cincinnati,45243,5137240467,OH
Eugenie Hamson,781 Westport Road,San Antonio,78260,8303590283,TX
Cordy O'Cooney,44 Evergreen Street,Tyler,75710,9038292690,TX
Aprilette Benmore,5714 Porter Court,Washington,20268,2029593423,DC
Toby Rebert,5098 Bashford Pass,Charleston,25362,3048149342,WV
Myles Aberhart,65232 Waxwing Pass,Memphis,38131,9018387906,TN
Luca Romanski,71208 Tony Street,New York City,10160,2125533937,NY
Harriet Liffey,4 Anthes Lane,Jacksonville,32204,9041612898,FL
Kimmi Emney,9 Charing Cross Crossing,Washington,20535,2028907810,DC
Griff Keener,3 Old Gate Park,Laredo,78044,9565291886,TX
Spense Ambrodi,540 Manufacturers Court,Minneapolis,55423,2182662203,MN
Jarvis Luparto,297 Sunnyside Lane,Oklahoma City,73104,4059289410,OK
Elyse Palfreyman,86210 Merry Circle,Alexandria,22333,5712476775,VA
Rozalie Tootal,994 Loftsgordon Hill,San Angelo,76905,3257204347,TX
Mufi Golt,157 Derek Trail,Orange,92668,8585680856,CA
Percival Brookhouse,45 Fair Oaks Center,Jamaica,11499,2128294928,NY
Aleksandr Crosham,2 Oriole Park,Lafayette,70593,3373610793,LA
Arabele Penley,9246 Vera Street,New Orleans,70183,5041400633,LA
Nikki Geale,8 Starling Drive,Albuquerque,87180,5053136087,NM
Guillema Matiashvili,43228 Old Gate Pass,Largo,34643,7272089867,FL
Lexi Golland,46 Tennyson Park,Chattanooga,37450,4233716099,TN
Marketa Bamblett,6170 Lyons Hill,Santa Monica,90410,3104472105,CA
Temp Shepard,3 Tony Court,Scranton,18514,5704248096,PA
Coreen Epperson,6 Lyons Center,Fort Worth,76121,8175464824,TX
Frasco Dishmon,3060 Bay Center,Marietta,30061,7703002282,GA
Gardie Guise,301 Mitchell Avenue,Tempe,85284,6028966655,AZ
Charmian Seamen,7 Elka Crossing,Dallas,75216,4691407273,TX
Nettie Hentzeler,63 Oakridge Court,Chicago,60604,2249661467,IL
Adda Welfare,77511 Brentwood Avenue,Syracuse,13210,3151025882,NY
Woodman Naisbit,1 Dahle Center,Mobile,36616,2517513853,AL
Benyamin Aberchirder,5561 Mendota Alley,Oklahoma City,73129,4053198937,OK
Cobb Tipton,965 Shasta Way,Washington,20268,2029673275,DC
Perrine Feldfisher,15 Green Ridge Circle,Houston,77065,2814299491,TX
Kerri Wasmuth,0155 Banding Court,Santa Barbara,93106,8051687347,CA
Vanny Salerno,7 Anniversary Junction,Staten Island,10310,7188661217,NY
Emili Eversfield,50844 Moland Pass,Orange,92867,9499970151,CA
Carmina Backshaw,3891 Kropf Pass,Corona,92883,6264878208,CA
Wylie Brittan,2 Grasskamp Terrace,Tucson,85754,5209760188,AZ
Helge Roskams,1 Huxley Crossing,Ventura,93005,8051101451,CA
Nanon Yakebovich,80 Sherman Park,Seattle,98158,2069315399,WA
Johnette Thwaites,038 Marcy Lane,Tulsa,74141,9188791562,OK
Aguie Woolaston,26016 Riverside Drive,San Antonio,78285,2109520946,TX
Roth Willas,60697 Dayton Lane,Lake Charles,70616,3375608597,LA
Marcie Warburton,10135 Calypso Lane,Washington,20005,2024840964,DC
Jeanna Swateridge,3 Clarendon Circle,San Jose,95113,6509489759,CA
Wilfred Millican,63588 South Junction,Sacramento,95852,9163282155,CA
Josephina Toller,101 Stephen Way,Springfield,45505,9377769525,OH
Ware Benitez,214 Coolidge Street,Honolulu,96805,8084457503,HI
Marcos Lyenyng,45 New Castle Alley,Largo,33777,7278511190,FL
Tonnie Brimmicombe,806 Dottie Pass,Springfield,62705,2173775833,IL
Angelia Murrhaupt,48121 Judy Circle,Tyler,75710,9037857729,TX
Jayson Stagg,57 Vernon Alley,Richmond,23272,8047225916,VA
Sheilah Trengrouse,4427 American Ash Avenue,Philadelphia,19184,2153849260,PA
Sallie Brogiotti,11 Dwight Trail,Milwaukee,53210,2623405419,WI
Frieda MacAughtrie,36255 Melrose Plaza,Bellevue,98008,2068611242,WA
Row Barzen,7 Reinke Terrace,Silver Spring,20918,2407928242,MD
Tarrah Holdforth,9 Summer Ridge Drive,Louisville,40225,5024297545,KY
Hanan Smardon,17 Emmet Pass,Billings,59105,4064207773,MT
Flossy Wafer,3766 Atwood Court,Conroe,77305,9366764760,TX
Wake Varsey,37393 Ramsey Place,Portland,97211,5032656315,OR
Shane Papa,65 Russell Plaza,Washington,20540,2023011624,DC
Marinna Fowley,754 Bluejay Alley,Austin,78769,5125506108,TX
Meridel Durbin,43723 Gulseth Pass,Silver Spring,20910,2023529487,MD
Verne Nolder,9 Portage Court,Peoria,61640,3094098921,IL
Culver Fetherston,94 Gina Plaza,Memphis,38119,6159114454,TN
Cristine Pargent,489 Eastwood Hill,Gainesville,32605,3521693605,FL
Saunder Gapp,1 Old Gate Junction,Arlington,76016,7135798672,TX
Bern Weyman,30 Oak Drive,Washington,20525,2029140408,DC
Merline Coots,17 Old Shore Pass,White Plains,10606,8455732746,NY
Fee Esilmon,5384 Hanover Center,Los Angeles,90025,4249626135,CA
Huey Sey,2255 Pennsylvania Circle,Minneapolis,55470,6127418061,MN
Shanan Gosland,8 Pennsylvania Pass,Aurora,80045,3035031162,CO
Alyss Belford,44367 Bunting Circle,Miami,33164,7866144455,FL
Antoinette Hebblethwaite,766 Sunbrook Trail,Huntington,25711,3045101738,WV
Rouvin Yakuntsov,0 Talisman Crossing,Washington,20051,2024115815,DC
Deva Spours,29795 Crescent Oaks Trail,Nashville,37245,6151619472,TN
Bria Kivelhan,22 Mockingbird Park,Atlanta,31190,4042362722,GA
Berkeley Wyndham,3 Summit Hill,Buffalo,14263,7161032844,NY
Ingemar O'Cridigan,77682 Doe Crossing Pass,Sterling,20167,5714153020,VA
Mallissa Trytsman,7 Debs Hill,Milwaukee,53220,4147309961,WI
Margot Ayris,746 Morningstar Avenue,Erie,16550,8142801220,PA
Walt Espina,67 Beilfuss Place,Atlanta,31190,4047544863,GA
Jackquelin Earingey,28 Mandrake Crossing,Columbus,43268,6146035208,OH
Greta Cornhill,95 Dovetail Drive,Brooklyn,11220,7184437098,NY
Joete Room,0551 Scofield Avenue,Seattle,98121,2538967444,WA
Minetta Sylett,48 West Point,Chicago,60652,7737636992,IL
Rowen Sherebrook,1 Stuart Place,Philadelphia,19172,2159084815,PA
Carin Stilliard,51 Ruskin Road,Charlotte,28278,7044399311,NC
Carine Madre,62 Chive Terrace,Arlington,22234,5712252660,VA
Marty Allbon,313 Tennyson Place,Raleigh,27626,9197727678,NC
Vaughn Crofts,8 Carberry Street,Anchorage,99599,9074680891,AK
Beatrisa Spurriar,40 Dorton Hill,Atlanta,30343,4043737733,GA
Arie Swate,9 Fremont Place,Largo,33777,7279399157,FL
Terencio Salzberg,8623 Dwight Circle,Evansville,47719,8128528811,IN
Crissie Tacon,8953 Lien Avenue,Torrance,90505,3105619596,CA
Myrtice Dargavel,765 Ruskin Pass,Philadelphia,19146,2676635106,PA
Sloan Spurgin,45074 Aberg Alley,Aurora,60505,3315713127,IL
Brande Carlisso,526 Macpherson Lane,Nashville,37210,6157582376,TN
Willy Volett,318 Fallview Crossing,Arlington,22234,5711956010,VA
Thaddus Clench,05423 Goodland Terrace,Sacramento,94286,9165754089,CA
Avie Riddel,071 Towne Point,Topeka,66699,7854568108,KS
Marguerite Arney,01 Iowa Drive,Murfreesboro,37131,6159617599,TN
Rahel Cumberland,1 New Castle Center,Tampa,33661,8136581443,FL
Hall Vernazza,32270 Beilfuss Hill,Minneapolis,55487,6126577329,MN
Melly Dmytryk,04784 Laurel Hill,Englewood,80150,3037291974,CO
Janessa Pomphrett,7760 Mifflin Circle,Denver,80249,7201632898,CO
Sissie Venour,39171 Reinke Trail,Indianapolis,46202,3175529803,IN
Clemmy Keitch,0106 Vernon Avenue,Lake Worth,33462,5612286865,FL
Morris Dundendale,1914 Raven Park,Aurora,80044,3038315373,CO
Emmalynne Mortel,9 Paget Parkway,Portland,97232,5038218735,OR
Morie Braunston,55438 Duke Point,Birmingham,35225,2052235322,AL
Burch Bastard,801 Grover Road,Portland,97271,9711819901,OR
Elbert Goodswen,5 Northwestern Plaza,Salt Lake City,84152,8017796817,UT
Andi Stathor,8716 Graceland Crossing,Carlsbad,92013,7601111116,CA
Bianca Conkey,90 Kings Lane,Brooklyn,11215,9172912443,NY
Burnaby Rimell,4 Sheridan Lane,Provo,84605,8014619507,UT
Alf Rumney,494 Jenifer Park,Houston,77010,2819978362,TX
Brianne Danilenko,31848 Eastlawn Crossing,Los Angeles,90055,2139001358,CA
Vachel Torri,19 Fieldstone Place,San Antonio,78205,2109594968,TX
Clair Bettaney,9 Hanover Point,San Jose,95160,4081844389,CA
Gelya Tustin,32 Melody Street,Wichita,67210,3169065392,KS
Gustie Snead,0 Continental Pass,Kansas City,64101,8162854669,MO
Falito Struthers,58 Harper Pass,Washington,20520,2023996529,DC
Zorine Valente,7458 Shopko Avenue,Lancaster,17622,7172315511,PA
Roxanna Wardel,1684 La Follette Court,Memphis,38126,9019947041,TN
De Jouning,893 Village Alley,Huntington,25709,3047486565,WV
Wayland Hucke,3023 Green Ridge Drive,Memphis,38168,9017388150,TN
Colan Suatt,82278 Scofield Junction,Saint Louis,63196,3147143771,MO
Hyacinthie Glasgow,87204 Shopko Pass,Austin,78721,5124020652,TX
Melania Catterall,00 Florence Avenue,Dayton,45432,9376077223,OH
Shalom Gooderridge,7 Esker Circle,Des Moines,50393,5155388999,IA
Stepha Klimmek,4 Buell Road,Fayetteville,28314,9107307424,NC
Mike Smullin,3141 Anzinger Trail,Roanoke,24009,5402404932,VA
Katerina Schimon,7381 Grim Trail,Houston,77070,7138416597,TX
Wiatt Crippell,6397 Hollow Ridge Road,Miami,33261,3054401550,FL
Shay Rosberg,51656 Jana Center,Reno,89505,7754717332,NV
Thorpe Fransson,2022 Johnson Alley,Saint Paul,55172,6513397475,MN
Larina Meineken,00 Russell Court,Cleveland,44111,2161900988,OH
Liuka Parrington,2173 Norway Maple Crossing,Plano,75074,9725953474,TX
Elvina Febry,1 Grim Avenue,Oklahoma City,73173,4052763443,OK
Sheilakathryn Burchett,410 Sugar Road,Oakland,94660,5103124948,CA
Jamie Godlee,7505 Buena Vista Park,San Francisco,94142,4151800835,CA
Igor Rought,48994 6th Plaza,Mesa,85210,9284072892,AZ
Lilyan Lamshead,4 Spohn Plaza,Los Angeles,90035,3108640984,CA
Brooke holmes,26979 Bluejay Avenue,Colorado Springs,80940,7197995724,CO
Aldric Blackaller,5586 Loftsgordon Terrace,Reno,89550,7752898883,NV
Whitney Carnaman,47945 Boyd Point,Flint,48505,8101760023,MI
Pearle Filpo,0 Butternut Crossing,Boca Raton,33499,5612293960,FL
Odey Del Dello,70 Logan Lane,Edmond,73034,4057774549,OK
Lillis Fellgate,53 Loeprich Hill,Philadelphia,19131,2159777119,PA
Bram Ziemen,36110 Meadow Valley Hill,Norfolk,23520,7578065994,VA
Moll Stone Fewings,2 High Crossing Plaza,Wichita,67236,3163286811,KS
Diena Arnett,16894 Northwestern Place,Cincinnati,45203,5139396003,OH
Carmella Frontczak,5 Crest Line Plaza,Winston Salem,27105,3366849945,NC
Jolene Izakov,96 Warner Alley,Littleton,80127,3034697598,CO
Whittaker See,76 Fallview Terrace,Salt Lake City,84199,8011747944,UT
Shaina Traher,8351 Stoughton Parkway,Fort Lauderdale,33325,9542917544,FL
Yoko Janowicz,53157 5th Plaza,Milwaukee,53205,9206956691,WI
Fey Pifford,4 Magdeline Avenue,New York City,10280,6463295602,NY
Mendel Iacovuzzi,903 Kropf Hill,Houston,77040,8324526888,TX
Alysia Atwool,7140 Oriole Lane,Phoenix,85035,6231424605,AZ
Maddie Yitzhakof,6135 Bunting Street,Denver,80299,7206389670,CO
Yasmeen Berzen,572 Granby Place,Atlanta,30301,6782317501,GA
Larissa Pidgeon,52674 Lien Pass,Indianapolis,46278,3176115455,IN
Benny Stilldale,0 Transport Drive,Hampton,23663,7577602859,VA
Suzette Solly,0416 Glacier Hill Center,Fort Wayne,46814,2606664111,IN
Nananne Winslade,2770 Lukken Terrace,Jefferson City,65105,5731569119,MO
Norrie Halbard,4385 Monterey Avenue,Des Moines,50393,5155709269,IA
Katharyn Letch,6180 Eastlawn Street,El Paso,79999,9154458779,TX
John Enns,17 Rutledge Terrace,Los Angeles,90071,6261424093,CA
Ewart Diboll,321 Barby Avenue,Anaheim,92805,3104791446,CA
Drucie Theobald,3305 Havey Lane,Houston,77250,7138223999,TX
Damiano Snartt,1 Declaration Crossing,Washington,20525,2028604327,DC
Suzy Chitham,79 Lillian Plaza,San Mateo,94405,8058822168,CA
Sigismondo Sinson,8761 Brown Center,Pasadena,91125,6262775728,CA
Amelina McGourty,0102 Dapin Drive,Garland,75049,2141386280,TX
Fawn Cordingly,0346 Hovde Crossing,Oakland,94611,4155629145,CA
Naoma O'Garmen,29 Carberry Street,El Paso,79999,9155955150,TX
Quinn Dreier,40 Carpenter Circle,El Paso,79905,9154582020,TX
Rowan Gadson,49 Lerdahl Road,San Francisco,94137,4153952099,CA
Carlin Hugnot,2856 Fisk Hill,Los Angeles,90101,2132046799,CA
Deloria Shimony,76058 Goodland Point,Fort Worth,76192,6824787855,TX
Sheridan Ambroz,77 Hauk Park,San Diego,92170,6199560310,CA
Wayne Danihelka,90121 Orin Trail,Knoxville,37995,8658274717,TN
Van Silson,2 Scoville Avenue,El Paso,88519,9153213026,TX
Penrod Ivchenko,22606 Union Drive,Toledo,43666,4195076986,OH
Arlene Legging,7 Ohio Place,Pasadena,77505,7136022870,TX
Luci Syne,684 Eastlawn Circle,New Orleans,70116,5047128668,LA
Shaine Corness,042 Brickson Park Circle,Louisville,40225,5024316700,KY
Francesco Heard,890 Summerview Crossing,Dallas,75265,2147361811,TX
Cherie Taffarello,248 Bluejay Lane,Norcross,30092,7704707916,GA
Evita Birbeck,80008 Fordem Terrace,Katy,77493,2815929858,TX
Jenifer Gorringe,54851 Nancy Center,Omaha,68197,4028495596,NE
Izabel Ruller,61 Fair Oaks Alley,Lincoln,68524,4027964025,NE
Dorthea Kirman,558 Katie Terrace,Youngstown,44555,3309493061,OH
Melissa Sibbit,77 Becker Lane,Salt Lake City,84125,8018772356,UT
Gigi McGiffie,77 Grasskamp Street,Round Rock,78682,5124706148,TX
Isa Kyberd,22 Mallory Alley,El Paso,88530,9159165959,TX
Onofredo Yare,0939 Barby Circle,Los Angeles,90015,2137320414,CA
Donica Drever,65 Ludington Trail,Washington,20220,2025624009,DC
Alli Wellen,8 American Junction,Appleton,54915,9206442539,WI
Swen Blas,83999 Dwight Circle,Houston,77299,7137101375,TX
Gale Pickavance,603 Canary Trail,Montgomery,36195,3346431920,AL
Joshia Cranston,0196 Pine View Court,Topeka,66642,7857389746,KS
Maria Gommery,945 Merchant Junction,Long Beach,90847,5623079667,CA
Jarred Shelmardine,5274 Fairview Junction,Madison,53785,6089837493,WI
Link McAloren,9220 Russell Court,Nashville,37245,6159316469,TN
Vallie Reford,67 Eliot Court,Raleigh,27690,9191204436,NC
Corinne Skells,1 Artisan Drive,London,40745,6065778873,KY
Dacie Carleton,88 Mendota Trail,Oakland,94605,5103567446,CA
Adina Haxell,79 Anzinger Way,Austin,78737,5122439982,TX
Bartlet Darree,530 Barnett Junction,Washington,20210,2027092436,DC
Franz Bachanski,5512 Sheridan Plaza,Daytona Beach,32123,3865940465,FL
Jean MacAiline,14 Bashford Point,Nashville,37250,6151097582,TN
Grannie Elsip,89187 Fulton Park,Kansas City,64193,8161751763,MO
Hedwiga Pingston,165 1st Lane,New York City,10004,6461167836,NY
Nils Mathy,95165 Commercial Point,Harrisburg,17110,7178733175,PA
Lucita Franzman,603 Washington Hill,Augusta,30911,7061848182,GA
Laura Pinn,1457 Surrey Alley,Greensboro,27499,3365985523,NC
Levon Huddles,5 Park Meadow Trail,El Paso,79977,9152404415,TX
Mathilde Jolliffe,20 Miller Circle,Dallas,75372,2148069984,TX
Jordan Spollen,8505 Anhalt Parkway,Birmingham,35205,2059702228,AL
Evangelia Batterson,97 Jenna Junction,Shawnee Mission,66205,9137064816,KS
Maxi Attewell,85664 Schmedeman Pass,Washington,56944,2029899460,DC
Eliot Barbery,67 Iowa Lane,Orlando,32813,4075468469,FL
Evangeline Stonebridge,8439 Village Green Pass,Roanoke,24014,5405477868,VA
Ceciley Stanner,056 Darwin Center,Denver,80204,3036879187,CO
Kaila O'Loughane,1704 Armistice Avenue,Spartanburg,29305,8643840328,SC
Noel Burnsall,47952 Corben Plaza,Pasadena,91199,6263323113,CA
Bourke Ranscome,0 Shopko Plaza,Washington,20557,2022485443,DC
Pryce Danielsky,25833 Upham Way,Evansville,47712,8127860819,IN
Dyane Grose,1 Nevada Terrace,Harrisburg,17121,7171782781,PA
Ambrosius Lavigne,283 Homewood Way,Buffalo,14225,7163266813,NY
Marcus D'eye,6797 Golden Leaf Court,San Antonio,78230,8309430219,TX
Yvonne Ber,383 Loeprich Court,Austin,78778,5123390310,TX
Vanni Burdon,80432 Independence Pass,Houston,77201,8325086242,TX
Etti Bidwell,1645 Acker Alley,Phoenix,85015,6232820461,AZ
Uri Alten,37028 Melby Road,Norfolk,23551,7572360151,VA
Hyacinthe Domico,26725 Brentwood Circle,Saint Paul,55108,6121801111,MN
Nicolai Ridder,6 Lerdahl Drive,Apache Junction,85219,4808526242,AZ
Verne Ryce,9 East Road,Los Angeles,90030,2134683825,CA
Aeriel Duffill,42 Chive Crossing,Garden Grove,92645,7146377139,CA
Elisha Martineau,6149 Dennis Park,Washington,20268,2023816659,DC
Elbertina Rawcliffe,16 East Pass,Atlanta,31136,4043780349,GA
Orlan Simmill,0564 Roth Trail,New York City,10090,2122734505,NY
Gram Frodsam,6117 Doe Crossing Way,Madison,53785,6083793726,WI
Doralyn Gillbee,6 American Ash Way,Omaha,68197,4028484502,NE
Temple Ker,90623 Macpherson Hill,Midland,79710,4323289859,TX
Tressa Bradburn,05 Westerfield Trail,Wichita,67205,3169471517,KS
Carmencita Langer,99 Oak Valley Plaza,Salt Lake City,84152,8014679168,UT
Priscella Tysack,49 Maple Crossing,Omaha,68117,4028344624,NE
Mano Brunsden,430 Thackeray Hill,Delray Beach,33448,5611345299,FL
Garner Duckwith,4069 Stuart Road,Minneapolis,55423,2187348766,MN
Lettie Guthrie,6994 Northfield Plaza,Mesa,85205,4808165898,AZ
Herbert Belin,238 Toban Circle,Tacoma,98405,2535290807,WA
Hi Strahan,538 Scott Trail,Inglewood,90310,3106526545,CA
Jillian Le Noury,892 Saint Paul Lane,Oklahoma City,73109,4055977886,OK
Malissia Clacey,2 Fairview Plaza,Punta Gorda,33982,9416512741,FL
Lottie Chasmer,9060 Graceland Street,Memphis,38168,9018208240,TN
Noble Kisar,73 Artisan Alley,Silver Spring,20918,2402438316,MD
Pepe Wickwarth,8 Grim Court,Chicago,60641,7733978264,IL
Jephthah Arnowitz,6053 Susan Alley,Raleigh,27635,9194776283,NC
Vivien Clappison,870 Meadow Vale Trail,Detroit,48242,7341203287,MI
Cory Aleixo,47 Service Alley,Milwaukee,53215,4141836912,WI
Selig Cotgrave,59 Express Street,Atlanta,31136,4046116238,GA
Lionel Pawellek,8082 Esker Pass,San Antonio,78235,2106813394,TX
Arte Blodgetts,480 Ramsey Plaza,Alexandria,71307,3184312647,LA
Tamara Abramowsky,22588 Bay Hill,San Jose,95108,4089896502,CA
Darelle Vasilchikov,47 Mcguire Avenue,Port Saint Lucie,34985,7728637991,FL
Kim Stitch,16949 Main Road,Louisville,40225,5028768278,KY
Hedwig Warrener,235 Artisan Drive,Portland,97206,5033987879,OR
Padgett Dash,81094 Judy Parkway,Lawrenceville,30045,4045001610,GA
Mischa Poile,4750 Moulton Drive,Midland,48670,9893917559,MI
Rolland Steade,45 Birchwood Street,Jamaica,11407,5166014274,NY
Jone Matteucci,7883 Bashford Avenue,Knoxville,37914,8656147540,TN
Lorrie Henri,3 Hovde Lane,Humble,77346,7134833512,TX
Erich Dixcey,084 Basil Plaza,Washington,20575,2026849420,DC
Simonne Klugman,58363 Shoshone Drive,Jacksonville,32215,9041800719,FL
Paulita Hacket,990 Packers Pass,Dallas,75216,4698116765,TX
Delinda Keary,49 Eagan Lane,Jamaica,11499,2128790744,NY
Luciana Trahair,10 Dapin Point,Washington,20310,2022024215,DC
Pippy Latey,777 Coolidge Circle,Athens,30610,7063736614,GA
Gill Cunniffe,4 Forster Hill,Miami,33134,3055726643,FL
Ailina Pearcehouse,99947 Arkansas Avenue,Tallahassee,32304,8502303568,FL
Brewer Danilovich,145 Fulton Lane,Albuquerque,87121,5057160717,NM
Milly Chadwell,44539 Northland Plaza,Katy,77493,2817791961,TX
Karola Beere,1420 Hooker Hill,Houston,77293,2817497691,TX
Brigid Beachem,631 Dennis Street,New York City,10175,6464944610,NY
Anni Buff,1 Dwight Junction,Fort Wayne,46867,2606305406,IN
Lu Dillintone,52 Melody Plaza,Greeley,80638,9704971707,CO
Peterus Domeney,4 Pine View Drive,Scottsdale,85260,6238757489,AZ
Denys Spry,34298 Hayes Drive,Bellevue,98008,4253871886,WA
Fritz Stratz,631 Autumn Leaf Park,Provo,84605,8015112637,UT
Viki Steade,2 Declaration Circle,Huntington,25716,3042520583,WV
Vilhelmina Swiffen,4625 Talmadge Hill,Chattanooga,37450,4232381372,TN
Franny Suero,9101 Del Sol Hill,Fort Worth,76134,8176099960,TX
Tansy Hinkensen,6 Cordelia Hill,Oklahoma City,73104,4053822838,OK
Robby Squirrell,96 Butternut Court,Long Beach,90840,5627539873,CA
Brodie Rosling,733 Esch Hill,Murfreesboro,37131,6151192102,TN
Florella Gemlbett,772 Loomis Crossing,Houston,77299,7135126618,TX
Lavena Fist,9579 South Way,Memphis,38104,6159086344,TN
Stormi Bingley,202 Division Avenue,Oceanside,92056,7605005966,CA
Deloria Gregorowicz,89176 Pond Alley,Salt Lake City,84199,8012850553,UT
Brigida Pawlata,35 Vermont Plaza,Modesto,95397,2092489951,CA
Arv Goulthorp,330 Rigney Drive,San Diego,92121,8586433475,CA
Marijo Liell,41256 Ryan Parkway,New Orleans,70149,5042572693,LA
Pascale Charlwood,7425 Tony Drive,Wichita,67260,3164910318,KS
Xylia Uttridge,82960 Farmco Lane,San Francisco,94137,4154271244,CA
Katrina Bursnoll,390 Summerview Place,Salt Lake City,84199,8011540426,UT
Erin Clemente,8 Butterfield Point,Colorado Springs,80915,7197739058,CO
Harli Donisi,56 Sage Crossing,Jamaica,11436,7182474428,NY
Dredi Brodbin,809 Ilene Drive,Marietta,30066,4048086335,GA
Layton Antonijevic,99 Maple Wood Terrace,Modesto,95354,2098104429,CA
Noni Castaignet,37572 Anniversary Avenue,Fargo,58122,7016371771,ND
Israel Ronci,14127 Twin Pines Alley,Nashville,37240,6159603129,TN
Madge Bownd,5 Havey Plaza,Idaho Falls,83405,2086374860,ID
Gavan Furness,91589 Fulton Crossing,Chicago,60652,7738232966,IL
Augustin Dakhov,6548 Northport Avenue,Tucson,85737,5208904401,AZ
Lyle Hawken,0678 Cardinal Junction,Austin,78737,5125974832,TX
Felipa Camilio,4 Ryan Plaza,Oklahoma City,73152,4056932522,OK
Modestia Pococke,25 Randy Parkway,Meridian,39305,6012936581,MS
Hadley Leijs,842 Knutson Crossing,San Jose,95123,4089272123,CA
Goldia Plackstone,04475 Prairieview Park,Huntsville,35805,2567172581,AL
Henrik Evill,9292 Northport Center,Hampton,23668,7575553006,VA
Esra McGray,65149 Michigan Junction,El Paso,88525,9155460692,TX
Rip Graysmark,5373 Sunbrook Drive,Albuquerque,87140,5051670042,NM
Hurlee Klulik,618 Maryland Circle,Washington,20062,2022956751,DC
Kendricks Dary,66472 Melody Park,Seattle,98185,2061743729,WA
Henrieta Snow,4 Schurz Street,Seattle,98121,2532177930,WA
Bud Scad,61205 Burrows Road,Bronx,10464,7182704052,NY
Elizabet Cornuau,3865 Florence Circle,Lake Charles,70616,3372585329,LA
Roxana Buffey,410 Boyd Plaza,Katy,77493,8324564321,TX
Haven Loidl,71831 Tony Terrace,Jackson,39216,6018811866,MS
Lula Avramov,2 Clyde Gallagher Road,Miami,33111,7865150725,FL
Gibb O'Dooghaine,5 Spenser Hill,Bronx,10469,7185573976,NY
Inglis Affron,6395 Heath Point,Colorado Springs,80951,7197559513,CO
Min Stabler,98049 Ridge Oak Alley,Annapolis,21405,4103279243,MD
Gerhard Lorens,90 Schlimgen Parkway,Van Nuys,91406,6268131457,CA
Fionna Chittock,4 Michigan Point,Louisville,40287,5021616343,KY
Myrna Jaegar,9 2nd Place,Dallas,75226,4691689323,TX
Novelia Medway,7 Birchwood Court,Columbia,65211,5734397026,MO
Bev Mauro,9873 Westridge Park,Seattle,98109,2063296932,WA
Yorke Lung,76554 Farmco Court,Tyler,75710,9038125906,TX
Doti Wright,614 Barby Crossing,Aiken,29805,8037328671,SC
Nydia Quincey,39280 Mayfield Parkway,New York City,10249,2126810545,NY
Angelina Seery,3 Dakota Junction,Arvada,80005,3035608795,CO
Maxine Healing,74 American Parkway,Billings,59105,4066428082,MT
Kylen Clayworth,9 Sauthoff Parkway,Sacramento,95833,5302565553,CA
Zilvia Storcke,18829 Bowman Road,Philadelphia,19115,2154607034,PA
Peyter Garnam,737 Debra Trail,Honolulu,96825,8087290184,HI
Rowland O'Crigan,73 Esch Way,Van Nuys,91406,8187432140,CA
Joellyn Henrichs,3611 Di Loreto Trail,Milwaukee,53210,4147481650,WI
Paddie Meace,069 Chinook Circle,Huntsville,35895,2564188464,AL
Cordelia Gellett,9820 Ridge Oak Junction,Toledo,43615,4198927585,OH
Domeniga Hellewell,3275 Tennyson Trail,Lancaster,17605,7179135304,PA
Gratiana Witherow,47641 Bartelt Plaza,Oklahoma City,73190,4057407712,OK
Justine Brister,379 Del Sol Pass,Las Cruces,88006,5052772397,NM
Giana Oxlade,779 Artisan Hill,Tucson,85737,5203023863,AZ
Dasya Toyer,0 6th Terrace,El Paso,79923,9158412306,TX
Owen Town,29705 Ronald Regan Terrace,Albany,12242,5186115588,NY
Ruthanne Jagielski,3 Carioca Terrace,Roanoke,24029,5401303955,VA
Sol Lerego,459 Westend Park,Louisville,40298,5027592690,KY
Belita Chilles,2790 Hooker Plaza,New York City,10039,9173297482,NY
Cyrus Poff,04 Raven Drive,Lansing,48901,5171672874,MI
Gayleen Cudbertson,50 Northview Way,Baltimore,21275,4103679003,MD
Pablo Elger,8 Tennyson Avenue,Dallas,75210,4698263504,TX
Kort Stanier,1775 Moland Point,New York City,10060,6468928544,NY
Karyn Cready,86 Prentice Way,Louisville,40215,5022510725,KY
Cherianne Steels,06 Oneill Parkway,Lakeland,33805,8635672380,FL
Lorenzo Tibbits,3 Pond Terrace,Nashville,37205,6158921805,TN
Jacqui Yaknov,041 Prairie Rose Drive,Aurora,80044,3033047534,CO
Russ Oswal,47 Orin Way,Rochester,14639,5859142092,NY
Katy Colleer,06 Kipling Crossing,Indianapolis,46221,3173122230,IN
Viv Eastup,6 Lillian Crossing,Los Angeles,90050,2134367559,CA
Pamela Renak,9 Del Mar Avenue,Houston,77020,7133691365,TX
Ozzy Pacquet,22025 Golf Pass,Chicago,60619,3123316256,IL
Malena Franies,72 Farmco Street,Santa Monica,90405,3109222077,CA
Inglis Rubinivitz,73 Browning Crossing,Biloxi,39534,2285901566,MS
Debra Cufflin,81315 Anderson Drive,Oakland,94616,4155204235,CA
Reid Dowdney,7357 Kedzie Plaza,Indianapolis,46231,3178444217,IN
Saxon Retchless,4019 Grasskamp Crossing,Erie,16505,8148569788,PA
Dorie Ruffey,3705 Homewood Hill,Boise,83716,2088580831,ID
Jud Logesdale,44 Florence Hill,Henderson,89012,7027830822,NV
Waylin Speachley,0177 Corry Road,Huntington,25721,3048008865,WV
Carita Wedderburn,2 Evergreen Junction,Phoenix,85099,6024233930,AZ
Odille Coleiro,60 Bay Point,Denver,80235,7208535341,CO
Ediva Gingel,37785 International Street,Philadelphia,19120,6103343541,PA
Jaimie Drayton,5522 Prairie Rose Parkway,Wilmington,19810,3027460958,DE
Sande Doni,56593 Knutson Circle,Washington,20530,2021466311,DC
Calley Staton,9 Cody Avenue,Brooklyn,11247,2127618269,NY
Feodora Flintoft,22 Aberg Drive,Whittier,90605,6266447918,CA
Gabriellia Jackman,0354 West Circle,New York City,10004,7189518213,NY
Lock Rylance,39527 Harbort Pass,Buffalo,14215,7167661509,NY
Duffy Brash,4462 Stone Corner Center,Bradenton,34210,7277716804,FL
Madlen Reeds,5 Rutledge Court,Roanoke,24048,5401412949,VA
Halimeda Prater,87745 Farmco Way,Fort Lauderdale,33315,9543513041,FL
Brok Eggleton,0177 Bayside Trail,Tucson,85720,5204752204,AZ
Helyn Masham,02025 Ridgeway Street,Tampa,33625,7278522243,FL
Walsh Gerard,07130 Towne Way,Huntington,25721,3043084658,WV
Hasheem Annice,3 Park Meadow Circle,Tyler,75710,9039926531,TX
Brnaby Isacsson,51931 Lillian Court,Dayton,45490,9372137265,OH
Amory McPhelimey,16 Fairview Place,Virginia Beach,23459,7578697114,VA
Noe Luckings,6 Corry Parkway,Detroit,48267,3137806190,MI
Martita Belsham,42158 Lakewood Place,Tuscaloosa,35487,2051931615,AL
Isidor Oxbie,34 Harper Junction,Philadelphia,19131,2151737025,PA
Corene Treen,69276 Weeping Birch Pass,Philadelphia,19184,2153774738,PA
Roxi McMurraya,9746 Glacier Hill Alley,North Hollywood,91616,2133845026,CA
Boothe Dacombe,6 Johnson Terrace,San Jose,95194,4086209000,CA
Laird Bertson,66 Wayridge Street,San Antonio,78285,2108475801,TX
Amabel Sommerville,NIL,Saint Paul,55172,6517952945,MN
Kelli Savine,376 Lillian Drive,Alexandria,22313,5714182761,VA
Orson Hofer,25 Dawn Avenue,Las Vegas,89178,7023489097,NV
Sula Jewers,5 Pine View Drive,El Paso,79989,9151432478,TX
Mallorie Stovine,51545 Lakewood Junction,Birmingham,35254,2056033471,AL
Helyn Saltwell,3 Fairfield Pass,New Orleans,70124,9852077238,LA
Gerrie Geydon,7 Pepper Wood Terrace,Raleigh,27610,9198743188,NC
Filbert Gabbatt,85973 Pleasure Pass,New Castle,16107,7246120277,PA
Mahalia Petrusch,644 Goodland Plaza,Houston,77035,2818913280,TX
Philippa Riding,021 Commercial Alley,Indianapolis,46295,3175791477,IN
Kimble Tremblot,71352 Butterfield Center,Dallas,75221,9725945936,TX
Evelin Broadfield,299 Vera Trail,Dallas,75205,9727592936,TX
Elsey Kempston,3967 Marcy Crossing,Inglewood,90310,3107230716,CA
Hugibert Castelletti,19685 Onsgard Center,San Jose,95194,4084892325,CA
Ilyse Matczak,7 Hudson Avenue,San Jose,95123,4085495829,CA
Andreas Farmiloe,9 Park Meadow Pass,Albany,12227,5181563288,NY
Kassandra Joisce,2368 Helena Point,Peoria,61605,3092685187,IL
Charline Evetts,908 Kings Point,San Francisco,94137,4154226131,CA
Berty Scullard,5 Arapahoe Avenue,Beaumont,77713,4099928199,TX
Adham Murrison,373 Orin Place,New York City,10160,2127624377,NY
Alana Wicks,4 Golf View Point,Zephyrhills,33543,8132284384,FL
Jordan Straine,556 Holy Cross Way,Indianapolis,46295,3172445569,IN
Alwin Anfusso,06 Kennedy Parkway,Saginaw,48609,9893112100,MI
Melony Crimin,54389 Butterfield Pass,Columbus,43204,6145607924,OH
Julia Shirtcliffe,1 Sheridan Trail,Seattle,98148,2061253288,WA
Viola Bendall,7772 Artisan Place,Texarkana,75507,9039958919,TX
Menard Godsil,3839 Superior Circle,Mobile,36641,2517930926,AL
Darcee Deport,03911 Westridge Hill,Fort Wayne,46852,2602070477,IN
Rafi Finnigan,36 Schiller Avenue,Bakersfield,93305,8058486506,CA
Amy Clampe,2 Darwin Road,Long Beach,90840,5621547944,CA
Weider Kiltie,61 Sauthoff Plaza,Glendale,85305,6024110674,AZ
Burlie Wetherell,5 Hauk Circle,Dayton,45454,9374279704,OH
Steve Woolf,2836 Arapahoe Place,Clearwater,34620,7279568630,FL
Isacco Yelden,29 Pepper Wood Court,Los Angeles,90005,2138657192,CA
Faunie Stonhard,9 Esch Hill,Anniston,36205,2569275864,AL
Svend Dignon,5 Hauk Drive,Clearwater,33763,7277298746,FL
Tessie MacCallester,8069 Roth Court,Dallas,75323,2145283508,TX
Florina Albon,49198 Sherman Lane,Youngstown,44505,3302657666,OH
Guglielma Bramley,80 Morningstar Street,Atlanta,30380,4048620875,GA
Arleta Jouanny,31361 Transport Court,Petaluma,94975,7073204750,CA
Damian Welband,2 Bluejay Parkway,Tulsa,74116,9189848557,OK
Aubry Rogerot,4 Meadow Vale Center,Los Angeles,90025,8185863339,CA
Nevins Fusedale,504 Bayside Trail,Washington,20210,2024587892,DC
Shirley Wallwood,4 Fisk Drive,Miami,33124,7863119640,FL
Ettore Poytheras,7031 Little Fleur Trail,Nashville,37220,6156385618,TN
Agneta Hansman,65 Bobwhite Lane,Louisville,40205,5024104177,KY
Selina Kellar,61135 Surrey Alley,Lubbock,79452,8062039143,TX
Calv Norsister,97 Paget Pass,El Paso,88519,9152888605,TX
Lamont Mansell,6 Rigney Pass,Rochester,14614,3151846180,NY
Wallache Nozzolii,5 Graedel Street,Marietta,30066,6789286867,GA
Miner McMahon,00 Starling Park,Nashville,37235,6157624384,TN
Ode Vasilmanov,70 Victoria Drive,Cincinnati,45218,5136051243,OH
Gwennie Hauger,1 David Lane,Seattle,98148,2066498756,WA
Red Brettelle,98231 Welch Pass,Mobile,36610,2517816135,AL
Francklyn Andreev,21949 Kings Trail,Charleston,25336,3045141775,WV
Matthias Ivashnyov,52 Holy Cross Circle,Charlotte,28242,7041533508,NC
Trista MacArthur,87149 Kipling Way,South Bend,46620,5748454785,IN
Ashlin Jonah,361 Bunting Trail,Washington,20540,2021622856,DC
Briney Leishman,66 Nelson Parkway,Jacksonville,32215,9047784640,FL
Krystal Belsher,2 Golf View Alley,San Diego,92121,6199815421,CA
Sukey Copo,118 Toban Crossing,Washington,20540,2023143190,DC
Kevyn Panter,446 Cody Avenue,North Hollywood,91606,8187527307,CA
Pepi Vesco,9626 Village Green Road,Huntington,25721,3042050442,WV
Anderson Rump,1120 Brickson Park Way,Fresno,93704,5598937555,CA
Phebe Lebell,2 Thierer Drive,Atlanta,30301,4049652664,GA
Rebekkah Brimblecombe,988 Holmberg Drive,Mobile,36628,2517027256,AL
Norry Bohills,324 Hoard Road,Wichita,67220,3168027599,KS
Kelci Houlton,7201 8th Trail,Syracuse,13205,3157789730,NY
Isaiah Walwood,510 Fremont Hill,Louisville,40266,5024884969,KY
Harcourt Glyssanne,555 Mendota Park,Kent,98042,4253826609,WA
Ronny Crankhorn,34 Raven Pass,Atlanta,30358,4043281233,GA
Adda Jandel,131 Memorial Street,Albany,12222,5186419278,NY
Fancie Shaddick,4 Bashford Park,Reading,19610,4849225397,PA
Jacquetta Argente,14727 Ohio Center,Dallas,75241,4699836817,TX
Blithe Manneville,33269 Steensland Drive,San Bernardino,92410,9097082540,CA
Filbert Gorman,1 Butternut Parkway,Baton Rouge,70820,2257340547,LA
Stearn Cahalan,64 Pine View Lane,Jackson,38308,7317590326,TN
Ernest Torra,23 Graceland Pass,Portland,97221,5036388552,OR
Lesly Renouf,63 Upham Drive,Raleigh,27621,9199199486,NC
Aldrich George,32675 Autumn Leaf Parkway,Shawnee Mission,66276,9132464617,KS
Pippa Zanni,7 Tomscot Street,Honolulu,96820,8086181097,HI
Ernst Grocott,58403 Magdeline Road,Sacramento,95852,9168201549,CA
Christa Langdridge,104 Pepper Wood Lane,Houston,77240,7139085052,TX
Doralynne Snap,12 Garrison Parkway,Milwaukee,53234,4144808736,WI
Emalee Tourry,3510 Kedzie Crossing,Rochester,14646,5859840981,NY
Marla Serrier,6 Magdeline Pass,Honolulu,96835,8089280667,HI
Tess Hallifax,01504 Morning Road,Orlando,32819,4074638289,FL
Max Kitteman,8 Huxley Drive,Dallas,75310,2142007462,TX
Glendon Fort,0 Coolidge Terrace,El Paso,88530,9159237048,TX
Zonda Rizzardo,63 Dixon Court,Sioux Falls,57198,6055712324,SD
Sigismond Zecchinii,23 West Lane,San Jose,95123,4086600177,CA
Way Di Francecshi,590 Ohio Circle,Richmond,23208,8043940044,VA
Lyda Bemlott,3685 Golf Course Road,Des Moines,50347,5151883121,IA
Cointon Ockendon,0550 Express Trail,Salt Lake City,84140,8019333671,UT
Charmaine Thody,75 Doe Crossing Drive,Tyler,75710,9034609440,TX
Milissent Sambedge,6 International Parkway,Oklahoma City,73124,4056457237,OK
Jermayne Olding,06 Butternut Trail,Saint Cloud,56372,3205515487,MN
Ruy Kruschev,5303 Merrick Plaza,Charleston,25356,3044008956,WV
Chase Foulks,5 Clyde Gallagher Lane,El Paso,88530,9152123902,TX
Sheffy Tarquinio,74 Gateway Lane,Fort Wayne,46852,2608030514,IN
Danya Gajewski,3754 Scofield Lane,Midland,48670,9891446864,MI
Maryl Saddleton,554 Farwell Parkway,Albuquerque,87190,5054022492,NM
Standford McArthur,2353 Hazelcrest Road,Portland,97216,5032648440,OR
Merwin Kemmey,49052 Graceland Alley,West Palm Beach,33421,5615992879,FL
Iver Penbarthy,36311 Northridge Junction,Salt Lake City,84135,8019070246,UT
Tadeo Boxall,55305 Arrowood Lane,Colorado Springs,80910,7191965777,CO
Mavra Van Der Walt,087 Shoshone Circle,Inglewood,90310,3102102393,CA
Kerk Braune,3 Bluejay Avenue,Salt Lake City,84199,8014701533,UT
Lula Coke,951 Waubesa Circle,New York City,10275,2125713276,NY
Clement Brodley,89 Hagan Court,Tacoma,98405,2535752005,WA
Corenda Ubach,38685 Vidon Road,San Diego,92110,8587853047,CA
Yvon Agostini,0395 Kennedy Terrace,Charlotte,28289,7042799281,NC
Anallese oldey,41404 Harbort Crossing,Fort Worth,76192,6824868653,TX
Brandea Korn,80 Sauthoff Place,Memphis,38150,9012155401,TN
Nehemiah Rolstone,36 Old Gate Circle,Charleston,25313,3046389610,WV
Nisse Lagen,3926 Jay Circle,Corpus Christi,78426,3614153121,TX
Norma Briance,36461 Little Fleur Alley,Houston,77035,2815711519,TX
Phaidra Syers,41 Bartelt Hill,Newport News,23612,7576498540,VA
Evie Northridge,23658 Parkside Park,Cincinnati,45203,5135207987,OH
Ardene Kintzel,6233 Thackeray Road,Panama City,32405,8503433917,FL
Shandie Feldmann,454 Doe Crossing Point,Kansas City,64109,8162564069,MO
Kaleb Cullington,2 Hauk Way,Tulsa,74149,9181347822,OK
Rosita Meale,20614 Hayes Court,Battle Creek,49018,2693193451,MI
Nadine Davidofski,00 Havey Park,Charleston,25389,3049384850,WV
Allegra Neilly,4 Lakewood Gardens Park,Las Vegas,89130,7026330300,NV
Hobart Mullender,486 Shasta Crossing,Colorado Springs,80915,7194830065,CO
Janessa Longfut,0 Continental Trail,Delray Beach,33448,5616274712,FL
Cameron Goroni,25524 Shelley Drive,Saint Petersburg,33731,7275405328,FL
Adamo Cockrem,69 6th Point,Gainesville,30506,7708620406,GA
Judie Dumbell,38 Marquette Place,Kissimmee,34745,4072609729,FL
Kliment Bremmer,3 Mayfield Pass,Washington,20575,2029316168,DC
Paolo Habben,714 Tennyson Center,Muncie,47306,7658603969,IN
Ferd Stains,32416 Buell Place,Louisville,40293,5028550387,KY
Laureen Cicerone,57816 Eagan Place,Washington,56944,2022913911,DC
Orella Fellgate,20802 8th Circle,Los Angeles,90025,2139172606,CA
Carri Tyndall,70 Summerview Plaza,Washington,20397,2027052571,DC
Claudia Cham,8185 Macpherson Park,Lawrenceville,30245,6783951960,GA
Genny Brayley,1874 Mosinee Alley,El Paso,79905,9157505244,TX
Moll Adlington,861 Waubesa Parkway,Oklahoma City,73157,4057042831,OK
Norine Heinritz,207 Bunting Way,Schaumburg,60193,6309114262,IL
Renate Hoggetts,64 Pepper Wood Pass,Norcross,30092,7705242877,GA
Evania Hyman,704 Toban Court,Columbus,43210,6146215873,OH
Coleman Gelly,20394 Pleasure Place,Columbus,43204,6149656383,OH
Ancell Colborn,95518 North Pass,Young America,55551,9521911268,MN
Ariana Muzzall,8 Dottie Way,San Antonio,78230,8307805102,TX
Grover Jenckes,67107 Riverside Crossing,Jacksonville,32277,9043816592,FL
Allen Rolles,90 School Trail,Oakland,94660,5104732813,CA
Elsi Sarge,47388 Badeau Hill,Roanoke,24034,5403996908,VA
Ki McCracken,18581 Tennyson Way,Washington,20073,2026802538,DC
Merle Notley,1 Sutteridge Pass,Jamaica,11447,7189405342,NY
Jessy Suttling,2 Vera Way,Richmond,23208,8044843071,VA
Sharl Coil,84 Northview Alley,Jacksonville,32236,9042507437,FL
Alexei Brasse,2 Novick Circle,Charlottesville,22908,4346169520,VA
Coletta McGee,5 Farragut Trail,Norfolk,23514,7573593511,VA
Jilleen Cade,17338 Shoshone Alley,Akron,44310,3307757163,OH
Oswell Veall,889 Chinook Junction,Baltimore,21216,4105957207,MD
Karl Drust,5561 1st Parkway,Tucson,85743,5205879717,AZ
Avrom Kiendl,7 Vahlen Alley,Saint Paul,55114,6128031969,MN
Carie Arundell,19 Leroy Park,Fort Lauderdale,33315,9547530071,FL
Murdock Cammis,97 Anzinger Trail,Houston,77206,7136441612,TX
Freeland Rosenqvist,65487 Springview Lane,Austin,78721,5121927645,TX
Stacy Bembridge,4 Esker Alley,Wichita,67215,3162095369,KS
Rosemonde Scholler,4 Swallow Circle,Dallas,75323,2143661140,TX
Durward Bolus,84 Lawn Court,Canton,44760,2345428653,OH
Maximilianus Treske,78995 Fremont Crossing,Cedar Rapids,52405,3195811957,IA
Kesley Suthworth,2787 Schurz Park,San Francisco,94105,5107535831,CA
Olav Sheed,1381 Pawling Crossing,San Antonio,78205,2109916230,TX
Merrily Pavluk,1968 Stone Corner Pass,Lafayette,70593,3372726330,LA
Myra Helgass,80103 Reinke Lane,Lees Summit,64082,8168389607,MO
Wainwright Jovey,9 Almo Crossing,Las Cruces,88006,5055666597,NM
Sutherlan Cartman,884 Sutteridge Circle,Waco,76705,2545968214,TX
Oona Muddimer,76 Waxwing Court,Huntsville,77343,9365136766,TX
Mirna Chown,3 Londonderry Junction,Miami,33164,7863496807,FL
Timofei Knowlton,60 Del Sol Lane,Bradenton,34282,9412989516,FL
Morgan Tankus,24 Sachtjen Drive,Huntsville,35895,2566408849,AL
Julie McKniely,20 Harbort Alley,Minneapolis,55448,7631290469,MN
Fabien Nelm,39 Mitchell Drive,Amarillo,79176,8061609551,TX
Sibylle Donaher,782 Chive Center,Seminole,34642,9413515724,FL
Corella Gobourn,14608 Cardinal Street,Alhambra,91841,6266873798,CA
Randy Wishkar,825 Gale Lane,Tulsa,74193,9187827039,OK
Whitaker Gainsburgh,5 Gateway Road,Mesa,85215,6022208550,AZ
Wallache Legges,184 Sycamore Park,Toledo,43610,4191797281,OH
Merilyn Nockolds,71734 Manufacturers Circle,Rockford,61110,8152527218,IL
Glynis Moreinis,7910 Harper Crossing,Aiken,29805,8037975757,SC
Linette Beekmann,50692 Vermont Avenue,Oklahoma City,73190,4052400390,OK
Kippie Capell,726 Ilene Lane,Birmingham,35285,2051386506,AL
Abdul McCarle,0 Brown Trail,Amarillo,79188,8061297725,TX
Vidovik Hyndes,7 Washington Crossing,Tucson,85748,5206649134,AZ
Aidan Bittleson,2210 Donald Hill,Orlando,32859,4074767627,FL
Zahara Le Gallo,9077 Quincy Street,Chattanooga,37405,4235008744,TN
Katherina Sneden,6 Paget Center,Englewood,80150,3038323350,CO
Xylia Sacase,9 Fremont Crossing,Washington,20005,2027266490,DC
Kaylil Burge,886 Grayhawk Alley,Topeka,66699,7851739399,KS
Wallace Reay,44 Scott Junction,Nashville,37235,6155544441,TN
Nariko Kobiela,2 Raven Court,Erie,16565,8148637534,PA
Ronny McCurrie,5596 Jenifer Drive,Tucson,85732,5203038140,AZ
Jenni Littell,78 Luster Park,Salt Lake City,84140,8012932508,UT
Josefa Spofforth,36326 Grayhawk Way,Cincinnati,45228,5133785045,OH
Beverley Moulster,08 South Circle,Raleigh,27690,9191638896,NC
George Dudney,54 Fulton Road,Arlington,76016,8178842633,TX
Marv Kolczynski,28428 Gateway Trail,Fresno,93786,5591981948,CA
Todd Mitcheson,05970 Mitchell Center,Amarillo,79182,8065937758,TX
Marlin Klyner,73937 Kropf Drive,Houston,77234,7137563689,TX
Rhona Strowther,9 Prairie Rose Drive,Washington,20210,2028994874,DC
Elton Paffley,27445 Oriole Trail,Charleston,25305,3045511430,WV
Marilyn Fagge,1 Corscot Plaza,Fort Lauderdale,33315,9543205111,FL
Shannan Bing,885 Gale Center,Tampa,33633,8131467468,FL
Fanni O'Growgane,2829 Arrowood Court,Tulsa,74141,9181438261,OK
Javier Palomba,668 Tennyson Crossing,Charlotte,28278,7048967070,NC
Efrem Jobbing,5 Village Green Parkway,San Antonio,78215,2108629238,TX
Mirabel Pischoff,4135 Lawn Court,Huntsville,77343,9363305494,TX
Giorgi Bramford,615 Spaight Place,Fresno,93721,5598140360,CA
Esta Hallick,4 Fair Oaks Lane,Sacramento,95813,9161038705,CA
Flory Eliyahu,522 Main Avenue,Salt Lake City,84135,8017881626,UT
Elonore Scranedge,81742 Schmedeman Parkway,Oklahoma City,73135,4057914493,OK
Gard Storkes,96059 Pankratz Road,Cincinnati,45271,5135065121,OH
Blinnie Fane,870 Norway Maple Lane,Staten Island,10310,7182551129,NY
Gregoor Glendining,04625 Pankratz Parkway,Edmond,73034,4056511720,OK
Deeanne Cockings,55241 Cordelia Court,Fort Myers,33906,2397938674,FL
Tome Pointin,45550 Gale Pass,Inglewood,90398,3103612144,CA
Nerissa Woodison,49463 Bluejay Junction,Charlotte,28235,7045269091,NC
Merrily Wilhelmy,67360 Waubesa Hill,Glendale,85311,6021012971,AZ
Abdel Bonnefin,337 Towne Plaza,Mobile,36610,2514704465,AL
Lyell Aldritt,88677 Lakeland Park,Greensboro,27499,3367265418,NC
Cornall Duns,53758 Artisan Lane,Charleston,25356,3049741054,WV
Tomi McQuorkell,1 Blackbird Road,Salinas,93907,8316036391,CA
Burke Mitro,30 Mallard Center,Naples,34108,2391879241,FL
Chance Abramowitch,7 South Way,Minneapolis,55448,7636680639,MN
Inger Maggs,23068 Hoard Road,Columbia,29208,8038476207,SC
Alfonso Cunnington,93 Arrowood Court,Virginia Beach,23464,7575272417,VA
Erik Wilds,9 Mockingbird Drive,Baltimore,21265,4109041344,MD
Angy Delf,371 Carpenter Place,Pittsburgh,15230,4129359617,PA
Sutton Malamore,45381 Hooker Drive,Charlotte,28235,7043260890,NC
Sollie Walster,07900 Ryan Crossing,Bronx,10474,7181985985,NY
Giffie Cornils,75360 8th Road,Jefferson City,65110,5736909551,MO
Dory Vercruysse,70149 Holy Cross Avenue,Temple,76505,2542331430,TX
Pieter Minghi,6580 Grover Way,Sioux Falls,57198,6052641462,SD
Libbie Saye,9087 Susan Point,Scranton,18514,5705896505,PA
Wilfrid Guillon,59920 Oriole Drive,Saint Cloud,56372,3201984656,MN
Mandy Blissett,0 Lotheville Terrace,Chula Vista,91913,6196998805,CA
Tabor Blankhorn,7173 Sheridan Court,Pensacola,32526,8509691334,FL
Silvia Ballard,0 Schmedeman Plaza,Sacramento,94286,9165565669,CA
Collen Hindge,59 Truax Alley,Delray Beach,33448,5611037219,FL
Terri Stothart,4 Brentwood Trail,San Diego,92121,8584492922,CA
Carlo Hynard,57 Bunting Plaza,Louisville,40205,5026801124,KY
Cecil Mendonca,1 Milwaukee Circle,Houston,77045,7131171224,TX
Jory Kubicka,5691 Hanover Way,Lexington,40581,8593195358,KY
Inna Jonson,45616 Farmco Way,Jamaica,11431,2121557017,NY
Roseanna Stepney,19 Stuart Crossing,Atlanta,30368,4043212823,GA
Sullivan Ahrendsen,078 Mcguire Alley,Dallas,75216,2142396671,TX
Westley Meo,3 Bluestem Avenue,Cincinnati,45203,5137790877,OH
Codie Kosel,0 Luster Junction,Louisville,40205,5024142726,KY
Vivianna Balk,42 Nova Point,Sioux City,51110,7126518146,IA
Mella Buttriss,3 Sutteridge Terrace,Phoenix,85035,6026230972,AZ
Binni Honywill,1847 Paget Point,Washington,20210,2026397296,DC
Petronille Bolden,41 Logan Lane,Fort Wayne,46857,2608524080,IN
Kiley Brocket,5752 Mayer Circle,Dallas,75397,2148642099,TX
Louisa Portsmouth,1924 Warrior Alley,Kansas City,64153,8162225103,MO
Tessa Lethcoe,45057 Cascade Junction,Humble,77346,2818159406,TX
Brendin Shillan,77 Cordelia Parkway,New York City,10125,2121392397,NY
Teddy Houdmont,91 Waxwing Hill,Dallas,75387,2149784591,TX
Anthia Randell,3354 Buell Junction,Riverside,92505,9092647999,CA
Pammie Poxon,6 Bowman Street,Syracuse,13210,3153611871,NY
Fairfax Feary,9646 Mandrake Junction,Shreveport,71151,3187568870,LA
Felicio Spilstead,3695 Mockingbird Place,Long Beach,90810,3106670753,CA
Menard Nottram,654 Becker Alley,Albuquerque,87105,5058982562,NM
Alysia Adanez,7675 Fisk Hill,Chicago,60674,3125807350,IL
Noelyn McNern,9 Division Terrace,Saint Cloud,56398,3208301245,MN
Bayard Betun,9961 Center Point,Miami,33142,7865956244,FL
Janith Belamy,266 Montana Center,Wilmington,19892,3027067924,DE
Claybourne Faithfull,2 7th Terrace,Washington,20414,2027891669,DC
Jeana Terron,9 Londonderry Parkway,Oklahoma City,73179,4058566142,OK
Marrissa Hursey,5 Colorado Place,Philadelphia,19104,6101090779,PA
Mallory Bilham,1 Dapin Center,New York City,10203,2124714984,NY
Klara Pennini,1 Granby Plaza,0/0,40266,5022702367,KY
Torr Tapper,6136 Donald Parkway,San Antonio,78265,2106544458,TX
Marice Girdwood,3068 Independence Street,Tallahassee,32314,8505438284,FL
Elisabetta Ianelli,4 Logan Junction,Austin,78721,5123378688,TX
Gordan Cave,5133 High Crossing Avenue,Fargo,58106,7014559242,ND
Roy Noorwood,89 Emmet Court,New York City,10175,2128216187,NY
Brantley Balding,6198 Dwight Center,Washington,20022,2025114858,DC
Troy Hyam,21233 Becker Junction,Rockford,61110,8155486016,IL
Tiertza Connow,0 Loeprich Parkway,Newport News,23605,7575181638,VA
Torie Fearenside,117 Ronald Regan Park,Sacramento,94263,9168821241,CA
Dwight Feaks,2 3rd Alley,San Diego,92196,6197367788,CA
Arlen Scotchmoor,436 Dexter Avenue,Washington,20010,2028610262,DC
Cyndy Kusick,5408 Kingsford Trail,Newport News,23612,7575257904,VA
Anitra Wimbridge,80 Blaine Place,Evansville,47747,8129458061,IN
Denny Le Marchant,58 Ohio Court,Milwaukee,53263,4142289584,WI
Deeanne Matthias,9820 High Crossing Junction,Birmingham,35295,2051991697,AL
Davide MacPharlain,05 Anhalt Street,Raleigh,27605,9191373614,NC
Edeline Bollans,89950 Dawn Court,Tucson,85725,5207545211,AZ
Ryun Cristou,89474 Claremont Drive,Springfield,62705,2176615165,IL
Lisette Claridge,088 Maple Avenue,Anderson,29625,8649308450,SC
Miriam Kelshaw,76905 Moland Alley,Anchorage,99512,9073762708,AK
Godard Eich,7 Dakota Place,Orlando,32803,4079315242,FL
Iggie Elnor,00 High Crossing Hill,Littleton,80161,7207352769,CO
Jorey Withinshaw,6284 Porter Alley,San Francisco,94116,4159860463,CA
Kakalina Ockendon,44956 Esker Circle,Philadelphia,19178,2157244837,PA
Orelia Shefton,9173 Grasskamp Way,Spokane,99220,5095858970,WA
Magdalena McCambridge,0206 Clove Hill,Austin,78710,5127135560,TX
Basia Bellenger,35305 Pond Trail,Charlotte,28242,7042212742,NC
Ardith Leadbetter,0093 Nancy Way,Saint Louis,63131,6367156875,MO
Natalie Allott,5 Farragut Court,Pasadena,91131,6266143850,CA
Willard Lipscomb,2 Sutherland Crossing,Dallas,75323,2149149413,TX
Wilden Episcopi,1;DROP TABLE users,Chicago,60604,6302708820,IL
Alvy Emanulsson,22633 International Road,Saint Louis,63167,3144088485,MO
Alma Hawthorn,766 Stoughton Place,South Bend,46620,5746156428,IN
Kele Burgoin,70 Kim Drive,Corpus Christi,78470,3616317547,TX
Shaun Wager,286 Kingsford Avenue,Seattle,98195,2065213430,WA
Emily Searson,985 Mockingbird Avenue,Alexandria,22313,5715032149,VA
Gale McCahey,77 Mayer Place,Honolulu,96850,8089415054,HI
Cart Borley,247 Cascade Lane,San Bernardino,92405,9099369964,CA
Crissy Robelet,46680 Holy Cross Center,Memphis,38161,9017096901,TN
Ysabel Boniface,57 Havey Alley,Meridian,39305,6017726220,MS
Annette Dormer,55 Declaration Hill,Garland,75044,9728988926,TX
Mitchel Sillis,1416 Service Plaza,Huntington,25721,3046038688,WV
Ward O'Cannan,3 Golf View Road,Houston,77281,7137754453,TX
Angie Stoakley,1 Oriole Place,Laurel,20709,4102907577,MD
Brock Matyasik,2521 New Castle Alley,Phoenix,85015,6027747586,AZ
Sephira Warret,2792 Dexter Street,San Diego,92105,8584089998,CA
Hewitt Amphlett,7042 Huxley Plaza,Dayton,45414,9375117221,OH
Perri Peaden,0 Logan Circle,Mesquite,75185,9727655312,TX
Cherry Jouanot,4 Hudson Way,Lincoln,68505,4028745662,NE
Edie Bumphries,91151 Duke Center,Long Beach,90831,5623189692,CA
Baxter Rosenfield,66 David Park,Orlando,32885,4079799762,FL
Shaine Grealey,27 Hallows Avenue,Birmingham,35225,2055095938,AL
Orran Tungay,4 Transport Point,Arlington,76096,2149759099,TX
Cody Archdeacon,63 Corry Road,Washington,20551,2028605024,DC
Fayth Terry,62 Carioca Way,Jamaica,11436,9175985441,NY
Gaynor Wotton,2484 West Court,San Jose,95160,4082607557,CA
Helene Salt,1 Towne Road,Conroe,77305,9367342925,TX
Bax Messam,4295 Sommers Point,Flint,48555,8103826124,MI
Olva Badby,1836 Northwestern Pass,Merrifield,22119,5717855685,VA
Daisie O' Cloney,48 Meadow Vale Terrace,Dallas,75246,9723254718,TX
Rhona Writer,06391 Pennsylvania Court,Sarasota,34276,9412669062,FL
Nathaniel Rime,3669 Lukken Alley,Washington,20380,2027876542,DC
Marleah Baythorp,423 Mccormick Road,Falls Church,22047,5716081120,VA
Rossy Langtree,71 Westridge Court,Kansas City,64199,8162420145,MO
Eunice Hull,1 Cherokee Parkway,Greensboro,27409,3366568509,NC
Fedora Harflete,03251 Graceland Hill,Milwaukee,53234,4146578727,WI
Cyrus Atkin,84 Heath Lane,Sacramento,95852,9169896839,CA
Si Stoltz,596 Holmberg Court,Santa Monica,90410,3104763545,CA
Tabby Chatteris,1 John Wall Trail,Lakeland,33811,8634470321,FL
Hulda Barbara,8003 Oxford Park,Pittsburgh,15215,4127103914,PA
Erica Hartley,764 Packers Drive,Brea,92822,8183390963,CA
Sally Frossell,25824 Kennedy Crossing,Des Moines,50393,5158920275,IA
Fanechka Apark,63 Blue Bill Park Hill,Saint Louis,63136,3149904982,MO
Neala Gertz,9 5th Pass,El Paso,88563,9158775122,TX
Tamma Kynett,48 6th Place,Lubbock,79410,8061865125,TX
Alla Di Napoli,7648 Larry Lane,San Antonio,78265,2106363302,TX
Deana Dickey,09220 Manufacturers Plaza,Washington,20414,2025091337,DC
Kayle Sybry,2226 Old Gate Street,Charlotte,28210,7046686096,NC
Erda Ferrillio,94361 Porter Parkway,New Orleans,70179,5045288602,LA
Althea Eggar,10 Bay Terrace,Minneapolis,55436,9529288605,MN
Scotty Scowcraft,4120 Colorado Point,Salt Lake City,84189,8012181151,UT
Cammy Capnor,0 Stone Corner Street,Roanoke,24020,5405896598,VA
Waylan Lealle,04 Ryan Way,Oklahoma City,73109,4058217268,OK
Alaine McCalum,0 Schiller Parkway,Minneapolis,55423,9527588797,MN
Zonda Gueinn,77092 Randy Junction,Washington,20430,2029912009,DC
Bryana Crowdy,85 Marcy Junction,Syracuse,13224,3154745162,NY
Jillana Laba,65744 Donald Circle,Toledo,43615,4195408155,OH
Ranna Bengal,09510 Lotheville Parkway,Gainesville,32605,3525402919,FL
Atlante Acaster,00 Dapin Parkway,Fort Wayne,46814,2609258774,IN
Sayre Kirkbride,15 Rockefeller Way,Kansas City,64114,8164589630,MO
Jamill Shyram,761 Schiller Center,Honolulu,96815,8084742100,HI
Aurel Carnduff,1665 Pawling Drive,Daytona Beach,32123,3866434126,FL
Lida Attride,65 Rieder Lane,Kansas City,64149,8161295847,MO
Wini Franklyn,556 Jana Junction,Chicago,60691,3125784422,IL
Josefina Bellard,7179 Canary Crossing,Pensacola,32511,8505868928,FL
Ernesta Poolton,5325 Mallory Center,Indianapolis,46231,3171669032,IN
Adorne Thebeau,163 Melby Center,Huntsville,77343,9366121609,TX
Odille Clingoe,242 Sheridan Alley,Amarillo,79165,8064166563,TX
