2,jhullin0@businessweek.com,Hullin,Jan,TFK77cCV
3,jcurnucke1@nih.gov,Curnucke,Jesse,fOjDIwNw
4,siapico2@sina.com.cn,Iapico,Shell,loWnEcK
5,bspragg3@mlb.com,Spragg,Brendin,yqPnVu3sy3K
6,kwincom4@dot.gov,Wincom,Kearney,YLSoCSt
7,vdeniset5@people.com.cn,Deniset,Victor,BU2noA
8,pgeldart6@pen.io,Geldart,Perrine,BBcwZtJ9a6E
9,mtrinkwon7@mac.com,Trinkwon,Manolo,P6t3P5q
10,ddusting8@lulu.com,Dusting,Daloris,CXDEC06qnS3k
11,iutridge9@bandcamp.com,Utridge,Irene,1.00E+02
12,gviccarya@zimbio.com,Viccary,Geraldine,4z6ucjDJgT
13,smargramb@wikipedia.org,Margram,Savina,tzQfFPzfB1C
14,rmoquinc@unicef.org,Moquin,Rakel,joSEJbUz
15,aredwingd@shinystat.com,Redwing,Adena,hpseUa
16,hstovine@plala.or.jp,Stovin,Hildagarde,8jJilN8H5PeD
17,ddrakesf@about.com,Drakes,Deonne,tEOGeLRU
18,sgiroding@123-reg.co.uk,Girodin,Sherill,SKzwB18Rp
19,claydonh@list-manage.com,Laydon,Catherin,luNgnu1
20,agriggsi@stanford.edu,Griggs,Arabela,K7fi4UmRoki
21,mdunstallj@shareasale.com,Dunstall,Milena,Q17e7F
22,abragak@comsenz.com,Braga,Annalee,ARr0oQGWqqkp
23,ejermeyl@techcrunch.com,Jermey,Ethelin,rr2rfLaeOKGD
24,pmonshallm@google.fr,Monshall,Pietrek,m5PUyxfrv6e8
25,mraun@cafepress.com,Rau,Madelon,XQVqyT
26,fferrio@unc.edu,Ferri,Fabian,EEbTfjq1
27,poskehanp@ycombinator.com,O'Skehan,Petronilla,1rHkxf5EwR6
28,rcastellucciq@washingtonpost.com,Castellucci,Ramonda,2LtlEMzKZ0LO
29,tdysertr@sina.com.cn,Dysert,Tamera,qHPIxZFb
30,hhickss@infoseek.co.jp,Hicks,Helen,TwReMOr3sKN8
31,kjuarat@usatoday.com,Juara,Kaitlin,x0X0KJEeATd
32,epaladiniu@howstuffworks.com,Paladini,Eirena,FyAIgCuuWA3
33,wfoliniv@illinois.edu,Folini,Wynnie,tiYgQbM7M
34,smaierw@columbia.edu,Maier,Sampson,0PyycbAA
35,rcandeyx@technorati.com,Candey,Ramsey,iopDoF5
36,tstathory@ustream.tv,Stathor,Tillie,3HT4GX
37,mmccafferkyz@indiatimes.com,McCafferky,Mallorie,lGo1TNBTFuWm
38,chughill10@github.io,Hughill,Cross,spGxvGfSu
39,temery11@123-reg.co.uk,Emery,Trevor,1NyVUiMEaz1
40,mbracer12@e-recht24.de,Bracer,Matteo,ADgWflTtK
41,jmatthensen13@blogger.com,Matthensen,Jordan,MiJ1FA45JD
42,tgeraud14@cyberchimps.com,Geraud,Trish,lLnn1Qve8
43,nmandre16@mysql.com,Mandre,Novelia,RhDQJPcANn
44,mbidmead17@weibo.com,Bidmead,Melisa,6vb4ie
45,wdepka18@sogou.com,Depka,Whitby,yzc9qHZ
46,cclinning19@free.fr,Clinning,Caro,INFejzc
47,abess1a@prweb.com,Bess,Ashbey,l6lTcc
48,ehawksby1b@ucoz.ru,Hawksby,Elizabeth,5pGOUY
49,kcabrales1c@reverbnation.com,Cabrales,Katine,xoPtfNcj
50,mbatiste1d@people.com.cn,Batiste,Mordecai,l0PvDksyt
51,cnunnerley1e@taobao.com,Nunnerley,Christos,AGEOEbsnLZ
52,opavey1f@google.cn,Pavey,Orelle,pkb6ZVI0Bi
53,twillowby1g@goo.ne.jp,Willowby,Tatiania,Tqy5mU5
54,ajutson1h@devhub.com,Jutson,Alameda,d1tWDW
55,rscrannage1i@howstuffworks.com,Scrannage,Rozamond,PTuU78qSAErg
56,jmissenden1j@geocities.jp,Missenden,Joey,NsDqc7
57,edanzelman1k@barnesandnoble.com,Danzelman,Emyle,UEWW232D
58,gizkovitz1l@github.com,Izkovitz,Ginny,QidWaI7ymUMU
59,oduggon1m@elegantthemes.com,Duggon,Olva,dSLfoQde
60,rgodilington1n@rakuten.co.jp,Godilington,Reade,CSVZPa
61,tbromhead1o@infoseek.co.jp,Bromhead,Torie,r7byiXIL
62,lalkin1p@xinhuanet.com,Alkin,Les,0lrvccz1cHt
63,gdarrow1q@topsy.com,Darrow,Gweneth,JbHMAMPD
64,cbambrick1r@nydailynews.com,Bambrick,Curran,JuFnIODMGS
65,pmeins1s@theatlantic.com,Meins,Pansy,2jhuAp3cjG3n
66,flahive1t@upenn.edu,Lahive,Farah,9F9Xr9
67,ffumagall1u@who.int,Fumagall,Fallon,oFtzmGS6fc
68,hdecker1v@google.ca,Decker,Herb,AAgs3jko
69,ykilcoyne1w@technorati.com,Kilcoyne,Yetty,1fQPh9R
70,jpocknoll1x@mlb.com,Pocknoll,Jenny,fhOGiNwXVU
71,barbuckel1y@nbcnews.com,Arbuckel,Blondell,tHS4SDArw60
72,mwincott1z@goo.ne.jp,Wincott,Maiga,MmXaFXEml7z3
73,rperkin20@wisc.edu,Perkin,Ronna,4C6UiaRr0I
74,bmelbert21@goodreads.com,Melbert,Bonni,hMXmYD4E
75,tthurnham22@yelp.com,Thurnham,Teddie,SWz4hWhLqT8
76,emcginley23@csmonitor.com,McGinley,Edik,i4RYoF
77,ntchir24@businessweek.com,Tchir,Nanine,XNegNWKitdcX
78,lroughsedge25@statcounter.com,Roughsedge,L;urette,YiNn3a
79,noldred26@google.co.uk,Oldred,Norby,lATJBVkinEwb
80,palvaro27@cloudflare.com,Alvaro,Piotr,PeBbK3NJAJGu
81,pkuhnhardt28@auda.org.au,Kuhnhardt,Palm,xaOV6zWQ1jxY
82,agatman29@flickr.com,Gatman,Allie,xlH7gvJc5Xj
83,cdraper2a@wikimedia.org,Draper,Collen,A7HFwC0v
84,jcosta2b@bigcartel.com,Costa,Jacklyn,yawAkmFwVFxy
85,havrashin2c@unesco.org,Avrashin,Hanson,bR9df9Ednga8
86,scrowden2d@i2i.jp,Crowden,Sandra,KvEgeb6qZZ8s
87,whousecraft2e@chronoengine.com,Housecraft,Walden,sY7FjAYWcxM
88,iscantleberry2f@amazon.com,Scantleberry,Idalia,3g9Cowr0
89,jdefreyne2g@pinterest.com,De Freyne,Jaimie,o5LdM7Zh
90,gpickaver2h@booking.com,Pickaver,Guillermo,BTmpGGSgrzt2
91,lbowskill2i@cnn.com,Bowskill,Leonidas,HyDLAJ
92,ewoodrough2j@google.co.jp,Woodrough,Elisabet,l2amnP1bj
93,tstocks2k@usa.gov,Stocks,Tris,xQkSHWWzvG
94,olashley2l@weather.com,Lashley,Omar,UJvkyttl8
95,msimeone2m@newyorker.com,Simeone,Merrick,CZdlt34p
96,nnorthridge2n@sourceforge.net,Northridge,Norris,OphSngVFTbSN
97,lbettesworth2o@timesonline.co.uk,Bettesworth,Lucinda,RYwQ6z9t6
98,ebatchelar2p@ft.com,Batchelar,Eamon,XkvmJsbqsQ3
99,ekilty2q@histats.com,Kilty,Eudora,R1iIcsbA
100,imafham2r@sciencedaily.com,Mafham,Issie,SkqCD4TKs
101,erockingham2s@senate.gov,Rockingham,Ettore,T91U47Mbnny
102,cbernardino2t@gmpg.org,Bernardino,Cesar,BTFbtGB4T
103,dferronet2u@goo.gl,Ferronet,Darill,Wj7o5kARcW
104,eshiel2v@sun.com,Shiel,Elisabeth,Twuzmaq
105,rboswell2w@arizona.edu,Boswell,Rochella,fFE6RkUX6PYp
106,smaccaughey2x@unicef.org,MacCaughey,Sorcha,zgxaht
107,gbetke2y@livejournal.com,Betke,Ganny,poYcbw16
108,kwestpfel2z@myspace.com,Westpfel,Kristal,fGi4bN
109,ocatherall30@about.me,Catherall,Obadias,JFQx8b1AOD
110,jhurton31@vkontakte.ru,Hurton,Joell,gwIkvtPD
111,cjanczyk32@huffingtonpost.com,Janczyk,Chancey,8b3fTtdj
112,bhallad33@statcounter.com,Hallad,Bernice,90XE4y
113,nwilliscroft34@flickr.com,Williscroft,Nicholas,Kgk71qH8v
114,cscrowton35@amazon.de,Scrowton,Cornelius,hgP20go
115,emacknockiter36@list-manage.com,MacKnockiter,Eldredge,YQgyfK
116,pmacalister37@tripod.com,MacAlister,Patsy,OqIsi1q
117,elabro38@oakley.com,Labro,Elsy,EzRIhPS
118,askowcraft39@aol.com,Skowcraft,Adams,idtpJyyDu
119,dnormanton3a@geocities.jp,Normanton,Darda,EL8p3OVal
120,ocrilley3b@about.com,Crilley,Olin,7PMQQCXS3O6
121,zarmytage3c@chronoengine.com,Armytage,Zola,ljzSEAw
122,onehl3d@netlog.com,Nehl,Oliy,kAJbAruM93Rp
123,fjay3e@marriott.com,Jay,Flo,az1gNA
124,cdoyley3f@themeforest.net,Doyley,Connie,bWVXjF5GUX
125,kdanjoie3g@shareasale.com,Danjoie,Kit,Ga2OAkz
126,vbettles3h@mozilla.org,Bettles,Vilhelmina,Nj36B2nsI
127,gebbrell3i@ibm.com,Ebbrell,Gusta,PL5oY7c
128,wbaumer3j@liveinternet.ru,Baumer,Wolfie,gnQhB9
129,kohingerty3k@vk.com,O'Hingerty,Kori,nlnPJM
130,oansell3l@howstuffworks.com,Ansell,Orazio,mSuzMX1WRU
131,aucceli3m@thetimes.co.uk,Ucceli,Ardelle,DA09tMmKpgz
132,acreighton3n@infoseek.co.jp,Creighton,Archer,7lUcefCi7fGg
133,wofer3o@aboutads.info,Ofer,Wait,oWVFp36ld53
134,thunnaball3p@fema.gov,Hunnaball,Terri,ILDdgjbAI
135,wilewicz3q@rakuten.co.jp,Ilewicz,Waldon,FjYlu8wggz
136,dlefloch3r@dedecms.com,Le Floch,Del,BqhDZp4k
137,sharyngton3s@go.com,Haryngton,Shandie,2Vcsje5ZD
138,hgadsby3t@state.tx.us,Gadsby,Hubie,1f9q0xGs
139,dgoldenofireland3u@yelp.com,Golden of Ireland,Darby,Aogo5Ipdj
140,jbenedek3v@pen.io,Benedek,Janifer,3BQQKc
141,wpithie3w@ed.gov,Pithie,Wiatt,aliPGs
142,mminards3x@cnbc.com,Minards,Maurise,7zTOpGvsv
143,vcongreve3y@fema.gov,Congreve,Vanya,Cy4fxGo
144,bhuxton3z@google.fr,Huxton,Brantley,5Xs58hEtlDcN
145,hdashper40@youtu.be,Dashper,Hilarius,gI4FMWJ
146,ddennerley41@imageshack.us,Dennerley,Darby,luEea9mGJST8
147,mmouatt42@census.gov,Mouatt,Mommy,WPL3QqlOfmvX
148,zspenclay43@census.gov,Spenclay,Zacherie,9JPYir37
149,ciwanicki44@nasa.gov,Iwanicki,Crin,8xkovDlC1l
150,aguildford45@joomla.org,Guildford,Almeria,6E8zq6
151,foneile46@ft.com,Oneile,Francine,gBFu9VuqfaH
152,goconcannon47@blogger.com,O' Concannon,Glenda,Yzc4UtZtnU
153,cdaton48@blogger.com,Daton,Chick,M2zxmS4Xi
154,hvanichev49@mediafire.com,Vanichev,Hyatt,ZkpxBElJp
155,smclewd4a@cornell.edu,McLewd,Salem,Pc8qA2d855w
156,wsouthard4b@ebay.com,Southard,Wilona,uU7pnxO
157,lpepperell4c@ovh.net,Pepperell,Lindy,rAfsvpqO
158,bclendinning4d@rakuten.co.jp,Clendinning,Brian,rWP0dAII
159,acleever4e@pagesperso-orange.fr,Cleever,Ardine,yQMrZ0
160,kbricket4f@phpbb.com,Bricket,Kit,x92kG3rh
161,shargess4g@abc.net.au,Hargess,Sherwynd,V14EP9jEs
162,mbagby4h@smh.com.au,Bagby,Misti,JIiRfl
163,jbernollet4i@rakuten.co.jp,Bernollet,Jasun,LI6NYx
164,gcammiemile4j@freewebs.com,Cammiemile,Glynis,ze8EqVQl
165,bcrofthwaite4k@google.com.br,Crofthwaite,Brian,0iSs78
166,jgremain4l@typepad.com,Gremain,Juliane,rHbxPuRP
167,ekuzemka4m@google.ru,Kuzemka,Elbertina,pHL63k2o
168,hgowan4n@dot.gov,Gowan,Hewet,B3J3KO3jW1fg
169,jduerden4o@skyrock.com,Duerden,Jacquelynn,MvdSfH9Mzl
170,alaurand4p@nsw.gov.au,Laurand,Albie,4q5yZx
171,pellin4q@1und1.de,Ellin,Pieter,X7QnqwDGMNx
172,rswalwell4r@weibo.com,Swalwell,Rik,z56S4y
173,ssoot4s@irs.gov,Soot,Sayre,lcduu2s7WzHM
174,choffmann4t@opensource.org,Hoffmann,Claudian,GviuhK8tTT
175,mitschakov4u@toplist.cz,Itschakov,Maxi,6h25f8P4
176,kruddy4v@tripadvisor.com,Ruddy,Kennan,rpA0QffN0P4p
177,ftalkington4w@google.com,Talkington,Filippo,vQXnZz4msmB
178,mtures4x@kickstarter.com,Tures,Myrtie,TDrWFTFAV
179,ikeuning4y@wiley.com,Keuning,Isa,SdLFOP8Ug
180,krowler4z@miibeian.gov.cn,Rowler,Karleen,VCe0p2yfZDOF
181,nriddle50@bing.com,Riddle,Nikola,BGdRzTQ
182,kloiseau51@qq.com,L'oiseau,Kattie,T7IoObouxg
183,bmartelet52@apache.org,Martelet,Blanca,eVzwtJv1ZOJ2
184,ehamson53@arizona.edu,Hamson,Eugenie,crxDeFmjAv
185,cocooney54@nih.gov,O'Cooney,Cordy,FTjLUM1asQBA
186,abenmore55@devhub.com,Benmore,Aprilette,JLfXoHqTD
187,trebert56@google.pl,Rebert,Toby,ehQhHXjE2
188,maberhart57@nydailynews.com,Aberhart,Myles,xkHxfaS2f
189,lromanski58@alexa.com,Romanski,Luca,CxK4tMz8gHF9
190,hliffey59@go.com,Liffey,Harriet,Az9bYFCf
191,kemney5a@goo.gl,Emney,Kimmi,siKuajKtmXd
192,gkeener5b@symantec.com,Keener,Griff,NFw2pZC8T4
193,sambrodi5c@tinypic.com,Ambrodi,Spense,sg1n3zj9rLLy
194,jluparto5d@livejournal.com,Luparto,Jarvis,RJhKxTY4Lt
195,epalfreyman5e@odnoklassniki.ru,Palfreyman,Elyse,nI9lWC
196,rtootal5f@tmall.com,Tootal,Rozalie,nfxiFZT
197,mgolt5g@youtube.com,Golt,Mufi,REsF9o8m
198,pbrookhouse5h@google.co.uk,Brookhouse,Percival,3SKk11XqZFp
199,acrosham5i@princeton.edu,Crosham,Aleksandr,ZwQTjIwNcEx
200,apenley5j@prlog.org,Penley,Arabele,1IiO1KVP3ZQ
201,bespie5k@wikipedia.org,Espie,Brucie,14jP1FyjdCGJ
202,ngeale5l@google.nl,Geale,Nikki,UvVS97z83
203,gmatiashvili5m@adobe.com,Matiashvili,Guillema,iIZzwUNUEvt4
204,lgolland5n@ebay.co.uk,Golland,Lexi,htcQh4
205,mbamblett5o@aboutads.info,Bamblett,Marketa,l4e43FP3C
206,tshepard5p@netvibes.com,Shepard,Temp,Zv9gMHV9cf1O
207,cepperson5q@spotify.com,Epperson,Coreen,brdaQCn8DV
208,fdishmon5r@topsy.com,Dishmon,Frasco,HcIyir4a
209,agrills5s@google.de,Grills,Amalie,h53TnvJk
210,gguise5t@deliciousdays.com,Guise,Gardie,3HVuc7eO
211,cseamen5u@epa.gov,Seamen,Charmian,83GR0hV9sx
212,nhentzeler5v@europa.eu,Hentzeler,Nettie,fTtVQHaK
213,awelfare5w@cpanel.net,Welfare,Adda,MNbRyf
214,wnaisbit5x@imgur.com,Naisbit,Woodman,WahoGwnuEaR
215,baberchirder5y@blogspot.com,Aberchirder,Benyamin,9AD7EwptKNSC
216,ctipton5z@nifty.com,Tipton,Cobb,nLQYuAiP5K
217,pfeldfisher60@jimdo.com,Feldfisher,Perrine,q3IwGuPTwFK
218,mmcallen61@taobao.com,McAllen,Madeline,TjCfC4
219,kwasmuth62@dagondesign.com,Wasmuth,Kerri,dyKAAu
220,vsalerno63@ifeng.com,Salerno,Vanny,14qGrwyr
221,eeversfield64@freewebs.com,Eversfield,Emili,NX8UrOz7Q4id
222,fcamili65@si.edu,Camili,Fin,EpHzFZll
223,cbackshaw66@scribd.com,Backshaw,Carmina,8bmuOaF695zH
224,wbrittan67@bloglines.com,Brittan,Wylie,Ve2ipvA7Q
225,hroskams68@tinypic.com,Roskams,Helge,6wxlwuW2MX
226,nyakebovich69@upenn.edu,Yakebovich,Nanon,EtoeiJ
227,jthwaites6a@goo.gl,Thwaites,Johnette,ERwT3O3Xb
228,cfearnley6b@sohu.com,Fearnley,Cherilyn,lPcaIYGjRI
229,awoolaston6c@ebay.com,Woolaston,Aguie,IwJ2UX
230,rwillas6d@dedecms.com,Willas,Roth,pNwa93D
231,mwarburton6e@mashable.com,Warburton,Marcie,GuRuymJu
232,jswateridge6f@nps.gov,Swateridge,Jeanna,Qh8xQdeHFiPu
233,wmillican6g@ftc.gov,Millican,Wilfred,AC3DBHIZ0
234,jtoller6h@mac.com,Toller,Josephina,FbI3QiPy
235,wbenitez6i@ehow.com,Benitez,Ware,mQ3Ctz5c
236,mlyenyng6j@buzzfeed.com,Lyenyng,Marcos,NMmdM1DOuZ3
237,tbrimmicombe6k@patch.com,Brimmicombe,Tonnie,gTOjIeYj677U
238,amurrhaupt6l@purevolume.com,Murrhaupt,Angelia,8MOGCIdmprAD
239,jstagg6m@friendfeed.com,Stagg,Jayson,jZFqPKn
240,strengrouse6n@bravesites.com,Trengrouse,Sheilah,eY6euW7p
241,sbrogiotti6o@omniture.com,Brogiotti,Sallie,GHa6obT0S4ip
242,fmacaughtrie6p@imageshack.us,MacAughtrie,Frieda,1VXQCFI
243,rbarzen6q@homestead.com,Barzen,Row,NiAC05vX
244,tholdforth6r@bigcartel.com,Holdforth,Tarrah,PsdxzK
245,hsmardon6s@amazon.co.uk,Smardon,Hanan,ffLwuu
246,fwafer6t@altervista.org,Wafer,Flossy,ivIVDv
247,wvarsey6u@360.cn,Varsey,Wake,JvGDlWc
248,spapa6v@bravesites.com,Papa,Shane,C9AorbB
249,mfowley6w@ft.com,Fowley,Marinna,yuPIX04y
250,mdurbin6x@edublogs.org,Durbin,Meridel,SLGXckjhdSH
251,vnolder6y@zdnet.com,Nolder,Verne,OKBoL8
252,cfetherston6z@chron.com,Fetherston,Culver,YLujEnHirzn
253,cpargent70@netlog.com,Pargent,Cristine,RqQhhxg6C
254,sgapp71@hubpages.com,Gapp,Saunder,9tnJPYfCA
255,bweyman72@paginegialle.it,Weyman,Bern,feyQlK6M
256,mcoots73@fc2.com,Coots,Merline,PB9jKFIrPsun
257,fesilmon74@delicious.com,Esilmon,Fee,UFt4Q1bz
258,hsey75@ftc.gov,Sey,Huey,gSbxYj7kb1
259,sgosland76@networksolutions.com,Gosland,Shanan,NkXLRNjP20
260,abelford77@hhs.gov,Belford,Alyss,dk5AKJ
261,ahebblethwaite78@usda.gov,Hebblethwaite,Antoinette,x88Hai56q
262,ryakuntsov79@java.com,Yakuntsov,Rouvin,Z4p93BIh
263,dspours7a@google.it,Spours,Deva,DT7zVbmLKVh
264,bkivelhan7b@blog.com,Kivelhan,Bria,YmrrfJcs
265,bwyndham7c@constantcontact.com,Wyndham,Berkeley,CXaMLjLMy
266,iocridigan7d@joomla.org,O'Cridigan,Ingemar,9U0HnqfpZm
267,mtrytsman7e@reverbnation.com,Trytsman,Mallissa,XS0dLzE9gqvg
268,mayris7f@people.com.cn,Ayris,Margot,8fSWPXgqn
269,wespina7g@yellowpages.com,Espina,Walt,l7Nv7o3
270,jearingey7h@google.co.jp,Earingey,Jackquelin,yr5qxj8GR
271,gcornhill7i@home.pl,Cornhill,Greta,XQ6W2Cc
272,jroom7j@mashable.com,Room,Joete,7B8Qn1DQlPT
273,msylett7k@ameblo.jp,Sylett,Minetta,gZWMlyhD0Us
274,rsherebrook7l@networkadvertising.org,Sherebrook,Rowen,ovhYr5Cuff0
275,cstilliard7m@about.com,Stilliard,Carin,MMYvwu8
276,cmadre7n@bluehost.com,Madre,Carine,aWEzSWGiEy
277,mallbon7o@businesswire.com,Allbon,Marty,vyNq446l5Oa5
278,vcrofts7p@nasa.gov,Crofts,Vaughn,o6n1oBx
279,bspurriar7q@t-online.de,Spurriar,Beatrisa,6YFak5hTdiPr
280,aswate7r@opensource.org,Swate,Arie,Qkaaje96u
281,nvoelker7s@blogger.com,Voelker,Nester,ShPLeY6IP8t
282,tsalzberg7t@newyorker.com,Salzberg,Terencio,ceevGKbDuu2Y
283,ctacon7u@uiuc.edu,Tacon,Crissie,ZotJra8Dwd
284,mdargavel7v@forbes.com,Dargavel,Myrtice,IOFgaWd0
285,sspurgin7w@unblog.fr,Spurgin,Sloan,K1wdJzp
286,bcarlisso7x@mlb.com,Carlisso,Brande,gBIDcvIeWRzJ
287,wvolett7y@instagram.com,Volett,Willy,kSZX3bPghQwn
288,tclench7z@technorati.com,Clench,Thaddus,gmuIWOx
289,ariddel80@yale.edu,Riddel,Avie,MynwfKFhgoR5
290,marney81@state.gov,Arney,Marguerite,NpWpWL
291,rcumberland82@columbia.edu,Cumberland,Rahel,lO2XR2fdj
292,hvernazza83@ustream.tv,Vernazza,Hall,mPAbVo69ogIk
293,mdmytryk84@cloudflare.com,Dmytryk,Melly,OrGG7M
294,jpomphrett85@noaa.gov,Pomphrett,Janessa,c0yoM3MS
295,svenour86@un.org,Venour,Sissie,tBIDJ47QPM
296,ckeitch87@marketwatch.com,Keitch,Clemmy,pBmvVWSJf
297,mdundendale88@newyorker.com,Dundendale,Morris,yDRrgq0VITW
298,emortel89@ucoz.com,Mortel,Emmalynne,9qxYNnCOXW
299,mbraunston8a@cpanel.net,Braunston,Morie,ugwSSC
300,bbastard8b@bbc.co.uk,Bastard,Burch,XPAzUXbbB
301,egoodswen8c@archive.org,Goodswen,Elbert,rf9AnfLoy
302,astathor8d@reddit.com,Stathor,Andi,Z4OQSG9ijE
303,bconkey8e@cyberchimps.com,Conkey,Bianca,GXHndLTexB
304,brimell8f@nature.com,Rimell,Burnaby,IgNBW7xyuNY
305,jhandy8g@nytimes.com,Handy,Jakie,cveeFlI
306,arumney8h@phpbb.com,Rumney,Alf,LxGEXOP
307,bdanilenko8i@reuters.com,Danilenko,Brianne,0tYfhiGhgytV
308,vtorri8j@adobe.com,Torri,Vachel,LbNNISzND
309,cbettaney8k@wisc.edu,Bettaney,Clair,cbEMuNMC
310,gtustin8l@weather.com,Tustin,Gelya,SdiO9ZUj6J
311,gsnead8m@examiner.com,Snead,Gustie,4pMdWU
312,fstruthers8n@amazon.com,Struthers,Falito,xnGKDLjM
313,zvalente8o@ed.gov,Valente,Zorine,fktyHiRfB
314,lmarshfield8p@privacy.gov.au,Marshfield,Larry,SAUKb9LBs
315,rwardel8q@creativecommons.org,Wardel,Roxanna,rcRGvhm3RMr
316,djouning8r@patch.com,Jouning,De,trzMaWTFwUIl
317,whucke8s@cnn.com,Hucke,Wayland,I6oBRkK4HCWE
318,csuatt8t@dion.ne.jp,Suatt,Colan,hx46OFlA0
319,hglasgow8u@pen.io,Glasgow,Hyacinthie,O7ZWyLzcu
320,mcatterall8v@creativecommons.org,Catterall,Melania,YhBqVi0TfV
321,sgooderridge8w@acquirethisname.com,Gooderridge,Shalom,w6zeqB
322,sklimmek8x@timesonline.co.uk,Klimmek,Stepha,twggEjEb
323,msmullin8y@usnews.com,Smullin,Mike,OWRvRPrpx
324,kschimon8z@google.co.jp,Schimon,Katerina,HeSPDAEvX
325,wcrippell90@digg.com,Crippell,Wiatt,3vDOOBDcTTFx
326,srosberg91@answers.com,Rosberg,Shay,2gkPVhIOpA
327,tfransson92@illinois.edu,Fransson,Thorpe,BETUSCRh9
328,lmeineken93@nsw.gov.au,Meineken,Larina,EmH7Y1
329,lparrington94@census.gov,Parrington,Liuka,0zdULP3ZoS
330,efebry95@photobucket.com,Febry,Elvina,SHhZSTG44
331,sburchett96@taobao.com,Burchett,Sheilakathryn,sZAj3ir
332,jgodlee97@blog.com,Godlee,Jamie,cXex2RK0xv9
333,irought98@weibo.com,Rought,Igor,V7gsk0M5pVIx
334,llamshead99@oakley.com,Lamshead,Lilyan,fwgIoc
335,bholmes9a@answers.com,holmes,Brooke,YvYcWf1o
336,ablackaller9b@icio.us,Blackaller,Aldric,0iyPjf
337,wcarnaman9c@sfgate.com,Carnaman,Whitney,OnTlj3naHB
338,pfilpo9d@ow.ly,Filpo,Pearle,brH0iVS07
339,odeldello9e@sciencedaily.com,Del Dello,Odey,J6DASrtVxFlP
340,lfellgate9f@sciencedaily.com,Fellgate,Lillis,EcYEAVFNSkRO
341,bziemen9g@gov.uk,Ziemen,Bram,jJVpNHm9ej
342,mstonefewings9h@tiny.cc,Stone Fewings,Moll,2HERuoC7
343,darnett9i@miitbeian.gov.cn,Arnett,Diena,MYMGCIvFIZ
344,cfrontczak9j@nsw.gov.au,Frontczak,Carmella,xsn5GazH
345,jizakov9k@amazon.de,Izakov,Jolene,k3tEKaJZy
346,wsee9l@umich.edu,See,Whittaker,oTh01XbE
347,straher9m@prnewswire.com,Traher,Shaina,FZvmsU
348,yjanowicz9n@about.me,Janowicz,Yoko,wjV3xfj
349,fpifford9o@domainmarket.com,Pifford,Fey,pnkQNCK
350,miacovuzzi9p@slashdot.org,Iacovuzzi,Mendel,JFwhBhAax5
351,aatwool9q@yellowpages.com,Atwool,Alysia,sSgWc07
352,myitzhakof9r@oakley.com,Yitzhakof,Maddie,czSszTqKm
353,yberzen9s@nationalgeographic.com,Berzen,Yasmeen,rPQ7qW7GzOvp
354,lpidgeon9t@dmoz.org,Pidgeon,Larissa,dX4JYgXp1
355,bstilldale9u@google.it,Stilldale,Benny,fOyAEDrY
356,ssolly9v@google.co.jp,Solly,Suzette,fFhEgJ
357,nwinslade9w@comcast.net,Winslade,Nananne,e5878J
358,nhalbard9x@psu.edu,Halbard,Norrie,LWmh8rLxvo
359,kletch9y@flavors.me,Letch,Katharyn,vHg2MAT
360,jenns9z@cmu.edu,Enns,John,8FerRPT
361,edibolla0@dion.ne.jp,Diboll,Ewart,V09nRePl
362,dtheobalda1@amazon.co.jp,Theobald,Drucie,KutxcyCctWW
363,dsnartta2@aboutads.info,Snartt,Damiano,DICq8X
364,schithama3@csmonitor.com,Chitham,Suzy,GYcT46xqi
365,ssinsona4@pen.io,Sinson,Sigismondo,aliIjJYii
366,amcgourtya5@theguardian.com,McGourty,Amelina,Y6VEvK
367,fcordinglya6@elpais.com,Cordingly,Fawn,klARkEaxjvn
368,nogarmena7@a8.net,O'Garmen,Naoma,RPTpsvP
369,qdreiera8@harvard.edu,Dreier,Quinn,ot1EywkJkEo2
370,rgadsona9@hp.com,Gadson,Rowan,QJFD3MCo
371,chugnotaa@cargocollective.com,Hugnot,Carlin,EyB1FUnk
372,dshimonyab@sciencedirect.com,Shimony,Deloria,egASx6u
373,sambrozac@tripadvisor.com,Ambroz,Sheridan,utbeNI5
374,wdanihelkaad@biglobe.ne.jp,Danihelka,Wayne,2RRU2w
375,vsilsonae@msn.com,Silson,Van,ODXoTgfC
376,pivchenkoaf@sun.com,Ivchenko,Penrod,3HLCvtNbuH
377,jsextieag@comcast.net,Sextie,Jameson,hUc1xEKVMU
378,aleggingah@spiegel.de,Legging,Arlene,fXC9kocw8e0
379,lsyneai@usda.gov,Syne,Luci,A7ytMHPf1KEN
380,scornessaj@nature.com,Corness,Shaine,ntiOGC6HF
381,fheardak@purevolume.com,Heard,Francesco,VhWZObGsy
382,ctaffarelloal@51.la,Taffarello,Cherie,3BOKQYYuWp
383,ebirbeckam@columbia.edu,Birbeck,Evita,zJNbJLlXxpU0
384,jgorringean@yahoo.com,Gorringe,Jenifer,2qbg2UW1oCQa
385,irullerao@patch.com,Ruller,Izabel,L4o1rSEZinB
386,dkirmanap@google.es,Kirman,Dorthea,st7rVK3EqU
387,msibbitaq@boston.com,Sibbit,Melissa,JyzSKqK
388,gmcgiffiear@washingtonpost.com,McGiffie,Gigi,vsz7vt29
389,ikyberdas@reddit.com,Kyberd,Isa,NaTTtNbr
390,oyareat@photobucket.com,Yare,Onofredo,j8WVuZ
391,ddreverau@npr.org,Drever,Donica,bTjVem
392,awellenav@sina.com.cn,Wellen,Alli,uEjX77iFx
393,sblasaw@livejournal.com,Blas,Swen,stUnq5Z7Ju3
394,mdjekovicax@newsvine.com,Djekovic,Maudie,K6lHTQ7D
395,gpickavanceay@msu.edu,Pickavance,Gale,2jqMxpe501
396,jcranstonaz@51.la,Cranston,Joshia,HBvdVJBOF6a
397,mgommeryb0@github.com,Gommery,Maria,zxCKqG
398,jshelmardineb1@adobe.com,Shelmardine,Jarred,x8RgTDOF
399,lmcalorenb2@123-reg.co.uk,McAloren,Link,hUYIJDaLC
400,vrefordb3@sina.com.cn,Reford,Vallie,p9hUTmvAR
401,cskellsb4@mail.ru,Skells,Corinne,78PkaVc4
402,dcarletonb5@alibaba.com,Carleton,Dacie,5PMqre
403,ahaxellb6@sogou.com,Haxell,Adina,e8aOWuRs6cbq
404,bdarreeb7@wix.com,Darree,Bartlet,26JV0Lp
405,fbachanskib8@google.com.au,Bachanski,Franz,t60UP0v32
406,jmacailineb9@usa.gov,MacAiline,Jean,zCEdOr
407,gelsipba@ibm.com,Elsip,Grannie,kYCPNt2SN
408,hpingstonbb@cnbc.com,Pingston,Hedwiga,kF4Kpd
409,nmathybc@lulu.com,Mathy,Nils,eoDXZVtnZnJP
410,lfranzmanbd@bbb.org,Franzman,Lucita,gSmxINwD
411,lpinnbe@marriott.com,Pinn,Laura,YqkaMmlOFDOW
412,lhuddlesbf@1688.com,Huddles,Levon,XVJejRP3XOI
413,mjolliffebg@hostgator.com,Jolliffe,Mathilde,WbyrQeOnC
414,jspollenbh@taobao.com,Spollen,Jordan,2tDlH2VobI
415,ebattersonbi@tumblr.com,Batterson,Evangelia,VC1zMLSk
416,mattewellbj@paginegialle.it,Attewell,Maxi,9jBo11O
417,ebarberybk@godaddy.com,Barbery,Eliot,6vNs7MjhQj
418,estonebridgebl@ycombinator.com,Stonebridge,Evangeline,S9zBW8oP02
419,cstannerbm@buzzfeed.com,Stanner,Ceciley,OwKUl739
420,koloughanebn@sun.com,O'Loughane,Kaila,DE4tLD
421,nburnsallbo@amazonaws.com,Burnsall,Noel,n01REFALzNo
422,pdanielskybq@state.tx.us,Danielsky,Pryce,pSM25M
423,dgrosebr@mail.ru,Grose,Dyane,CUDekk
424,alavignebs@rambler.ru,Lavigne,Ambrosius,0dPo4k
425,mdeyebt@dell.com,D'eye,Marcus,QJPdUb
426,yberbu@shop-pro.jp,Ber,Yvonne,QuDxem
427,vburdonbv@smugmug.com,Burdon,Vanni,WIwamQU3VinL
428,ebidwellbw@forbes.com,Bidwell,Etti,kr72oe7I0V
429,ualtenbx@ihg.com,Alten,Uri,RHNjTtGCJuo
430,hdomicoby@webeden.co.uk,Domico,Hyacinthe,q8HqpeP
431,nridderbz@altervista.org,Ridder,Nicolai,TVJPkV72Vjo
432,vrycec0@google.nl,Ryce,Verne,JHairFAd
433,aduffillc1@craigslist.org,Duffill,Aeriel,AU1El95DCC
434,emartineauc2@ameblo.jp,Martineau,Elisha,jpRXUd9BArmG
435,erawcliffec3@tripadvisor.com,Rawcliffe,Elbertina,3eqrP73oPKuU
436,osimmillc4@statcounter.com,Simmill,Orlan,BNQ0pmGvmz
437,gfrodsamc5@spotify.com,Frodsam,Gram,Bnm1YO5fesb
438,dgillbeec6@163.com,Gillbee,Doralyn,C5CugMF1SRt
439,tkerc7@opensource.org,Ker,Temple,v101i7
440,tbradburnc8@disqus.com,Bradburn,Tressa,moDvtSdBx0VI
441,clangerc9@apple.com,Langer,Carmencita,eNXhkW56r
442,ptysackca@canalblog.com,Tysack,Priscella,LAlhE6
443,mbrunsdencb@moonfruit.com,Brunsden,Mano,f8PpndYMTlNw
444,gduckwithcc@edublogs.org,Duckwith,Garner,UqB1y8GdjrI
445,lguthriecd@sun.com,Guthrie,Lettie,AdcqTVhtrSi7
446,hbelince@t-online.de,Belin,Herbert,4Jf9XQi
447,hstrahancf@oracle.com,Strahan,Hi,WfAJoH
448,jlenourycg@statcounter.com,Le Noury,Jillian,dtzMVM1
449,mclaceych@reuters.com,Clacey,Malissia,FKVVu3G
450,lchasmerci@epa.gov,Chasmer,Lottie,Zygxc8Y
451,nkisarcj@ebay.com,Kisar,Noble,U9OwRNBx5EY
452,pwickwarthck@hc360.com,Wickwarth,Pepe,zmIUEbmnjczD
453,jarnowitzcl@techcrunch.com,Arnowitz,Jephthah,liBWKv
454,vclappisoncm@com.com,Clappison,Vivien,nkTb8NoSc
455,caleixocn@tinypic.com,Aleixo,Cory,vhVoG13X
456,scotgraveco@digg.com,Cotgrave,Selig,FOahMsnKXkf2
457,lpawellekcp@cloudflare.com,Pawellek,Lionel,IAYcKe
458,ablodgettscq@usa.gov,Blodgetts,Arte,VPTNHF
459,tabramowskycr@dell.com,Abramowsky,Tamara,pKBFJPBhL
460,dvasilchikovcs@census.gov,Vasilchikov,Darelle,nPjCIgn1No
461,kstitchct@mlb.com,Stitch,Kim,gQrPoQif
462,hwarrenercu@hibu.com,Warrener,Hedwig,lbb6mR
463,pdashcv@boston.com,Dash,Padgett,wiREzdIx
464,mpoilecw@craigslist.org,Poile,Mischa,K3EvZ8BW7W2m
465,rsteadecx@smugmug.com,Steade,Rolland,KIZkVbU
466,jmatteuccicy@independent.co.uk,Matteucci,Jone,rtJ9hpWa5Jz
467,lhenricz@angelfire.com,Henri,Lorrie,sy4Aur
468,edixceyd0@chicagotribune.com,Dixcey,Erich,pubWv2JHD
469,sklugmand1@answers.com,Klugman,Simonne,sL5gpKl
470,phacketd2@uiuc.edu,Hacket,Paulita,ru836HbN
471,dkearyd3@vkontakte.ru,Keary,Delinda,0l4Yforci8y
472,ltrahaird4@comcast.net,Trahair,Luciana,8Mw9CR
473,plateyd5@istockphoto.com,Latey,Pippy,jvutQYwEI
474,gcunniffed6@npr.org,Cunniffe,Gill,iHAjZ839V
475,apearcehoused7@ifeng.com,Pearcehouse,Ailina,nGL3iY74a3T
476,bdanilovichd8@washington.edu,Danilovich,Brewer,n5SWSnSw
477,mchadwelld9@boston.com,Chadwell,Milly,nP9zXCSk2u
478,kbeereda@bloglovin.com,Beere,Karola,BC5nUlOyGUC
479,bbeachemdb@blogger.com,Beachem,Brigid,cdH5Ok
480,abuffdc@buzzfeed.com,Buff,Anni,qVbCVY9
481,ldillintonedd@mozilla.com,Dillintone,Lu,q0i8BueYVdP
482,pdomeneyde@state.gov,Domeney,Peterus,Q7CUnyXF
483,dsprydf@japanpost.jp,Spry,Denys,surTfbMfH
484,fstratzdg@quantcast.com,Stratz,Fritz,C2q4OoY2k3B
485,vsteadedh@istockphoto.com,Steade,Viki,ALFZQhbnWM4
486,vswiffendi@google.co.jp,Swiffen,Vilhelmina,swpZR8
487,fsuerodj@slashdot.org,Suero,Franny,9r1mUfxwEA
488,thinkensendk@census.gov,Hinkensen,Tansy,KKZ8Tu
489,rsquirrelldl@flickr.com,Squirrell,Robby,RvlcvhW
490,broslingdm@hubpages.com,Rosling,Brodie,e07cyN
491,fgemlbettdn@barnesandnoble.com,Gemlbett,Florella,yalZBSD9v8CH
492,lfistdo@typepad.com,Fist,Lavena,TiomzVvVaz
493,sbingleydp@instagram.com,Bingley,Stormi,1q4RrpSf
494,dgregorowiczdq@de.vu,Gregorowicz,Deloria,PU654PTtPT
495,bpawlatadr@com.com,Pawlata,Brigida,vE0I2nKJL0
496,agoulthorpds@bing.com,Goulthorp,Arv,0VNcXEPJu
497,mlielldt@biblegateway.com,Liell,Marijo,3IUXtzFjALl
498,pcharlwooddu@tamu.edu,Charlwood,Pascale,PPHqFw70WJ
499,xuttridgedv@ucsd.edu,Uttridge,Xylia,124na9KyS
500,kbursnolldw@qq.com,Bursnoll,Katrina,aiDgJIO
501,eclementedx@disqus.com,Clemente,Erin,ams1X8
502,hdonisidy@360.cn,Donisi,Harli,NF84P64JbvBs
503,dbrodbindz@moonfruit.com,Brodbin,Dredi,2-Jan
504,lantonijevice0@homestead.com,Antonijevic,Layton,KYZqlJ
505,ncastaignete1@foxnews.com,Castaignet,Noni,l3PXnM1bJU
506,ironcie2@jugem.jp,Ronci,Israel,qHZ4p4M9bjP
507,mbownde3@tamu.edu,Bownd,Madge,I6ysykcko3l
508,gfurnesse4@fema.gov,Furness,Gavan,rkejuhKJmk
509,adakhove5@google.fr,Dakhov,Augustin,1ZLbLdjgd
510,lhawkene6@woothemes.com,Hawken,Lyle,gaeJahJS3
511,mpocockee8@acquirethisname.com,Pococke,Modestia,ug8ytMig9Xj5
512,hleijse9@creativecommons.org,Leijs,Hadley,MkL88BbRgJB7
513,gplackstoneea@icio.us,Plackstone,Goldia,yiah0xTDM5
514,hevilleb@cdbaby.com,Evill,Henrik,Mb7kBvG
515,emcgrayec@angelfire.com,McGray,Esra,aiPyqA
516,rgraysmarked@pagesperso-orange.fr,Graysmark,Rip,JHknXS
517,hklulikee@fda.gov,Klulik,Hurlee,AZzbwoQ
518,snorvalef@spiegel.de,Norval,Sukey,GUVFtejKkeYV
519,ubratcheg@rambler.ru,Bratch,Ursuline,D4H8zae5wVY
520,kdaryeh@multiply.com,Dary,Kendricks,1W7eomubf
521,hsnowei@ted.com,Snow,Henrieta,jIOicDXur
522,bscadej@zdnet.com,Scad,Bud,valgDuf0Ne
523,ecornuauek@vistaprint.com,Cornuau,Elizabet,5aTPYPbZ
524,rbuffeyel@lulu.com,Buffey,Roxana,nqwplhi6r
525,hloidlem@dell.com,Loidl,Haven,lzVjF3
526,lavramoven@ted.com,Avramov,Lula,AQGUUHuD
527,godooghaineeo@chicagotribune.com,O'Dooghaine,Gibb,p1zWrWuSeKKU
528,iaffronep@wisc.edu,Affron,Inglis,srIyCXM
529,mstablereq@rambler.ru,Stabler,Min,bgWiTQtrJN
530,glorenser@upenn.edu,Lorens,Gerhard,BHOgVgY
531,fchittockes@go.com,Chittock,Fionna,UxRxBbmAzm
532,mjaegaret@walmart.com,Jaegar,Myrna,yM7YZ3k1Cw
533,nmedwayeu@goo.gl,Medway,Novelia,mPMjw3uyHm
534,bmauroev@auda.org.au,Mauro,Bev,D5ftmExdYc
535,ylungew@photobucket.com,Lung,Yorke,JRh4JD2xf
536,garroex@independent.co.uk,Arro,Gabriela,s30DDv5Fhy
537,dwrightey@amazon.com,Wright,Doti,aZda5zdI
538,nquinceyez@vistaprint.com,Quincey,Nydia,NQ11lElA
539,aseeryf0@usda.gov,Seery,Angelina,k0Di6ic
540,mhealingf1@theguardian.com,Healing,Maxine,zpCvRX3
541,kclayworthf2@bigcartel.com,Clayworth,Kylen,or8HDA4
542,zstorckef3@scientificamerican.com,Storcke,Zilvia,RBaxEly9
543,pgarnamf4@eventbrite.com,Garnam,Peyter,EnJOWTFRpJ
544,rocriganf5@google.com.br,O'Crigan,Rowland,UNnYMSsCtBnS
545,jhenrichsf6@accuweather.com,Henrichs,Joellyn,gdQUJaNB
546,dbleddonf7@google.pl,Bleddon,Donnie,ViARvLNR
547,pmeacef8@dedecms.com,Meace,Paddie,zJHIdtdj
548,cgellettf9@spiegel.de,Gellett,Cordelia,UBCbLJMEm
549,kwescottfa@netlog.com,Wescott,Kip,EgkwSwIeTxb
550,dhellewellfb@msn.com,Hellewell,Domeniga,95AehFQD2
551,gwitherowfc@nih.gov,Witherow,Gratiana,LNdfJfve
552,jbristerfd@sourceforge.net,Brister,Justine,4Z44opge3Ob
553,goxladefe@state.tx.us,Oxlade,Giana,wsBAWSK
554,dtoyerff@nydailynews.com,Toyer,Dasya,XJvr379KK
555,otownfg@amazon.com,Town,Owen,rd3QWjbr
556,upinsentfh@tiny.cc,Pinsent,Ursula,CflsMCIa4
557,rjagielskifi@example.com,Jagielski,Ruthanne,gVVPu4lhu4w
558,sleregofj@about.me,Lerego,Sol,hkORqMxShNm
559,bchillesfk@utexas.edu,Chilles,Belita,LfqUA5
560,cpofffl@vk.com,Poff,Cyrus,8Y7gSE09lw09
561,gcudbertsonfm@bigcartel.com,Cudbertson,Gayleen,gA2GjpV
562,pelgerfn@webs.com,Elger,Pablo,iGuaeMOlO
563,kstanierfo@linkedin.com,Stanier,Kort,gjqjM9qIcHP
564,kcreadyfp@biblegateway.com,Cready,Karyn,EAMULfdahzRn
565,csteelsfq@naver.com,Steels,Cherianne,uT8ue6QRim
566,ltibbitsfr@hc360.com,Tibbits,Lorenzo,ahhqaiOZ4lEz
567,jyaknovfs@msn.com,Yaknov,Jacqui,04zuC6E
568,roswalft@archive.org,Oswal,Russ,0hIc1XBU
569,kcolleerfu@epa.gov,Colleer,Katy,HGEgHH3QLiIf
570,veastupfv@odnoklassniki.ru,Eastup,Viv,yGnzLFie
571,prenakfw@va.gov,Renak,Pamela,CtFylpSTous
572,opacquetfx@privacy.gov.au,Pacquet,Ozzy,tgbEC5zM
573,mfraniesfy@springer.com,Franies,Malena,0rlUmyD5NLtd
574,irubinivitzfz@nymag.com,Rubinivitz,Inglis,Kg2tAadClV1
575,dcuffling0@independent.co.uk,Cufflin,Debra,4OicfTYS
576,rdowdneyg1@cnn.com,Dowdney,Reid,LhDasYn3RO
577,sretchlessg2@purevolume.com,Retchless,Saxon,okio1cdTEg
578,druffeyg3@free.fr,Ruffey,Dorie,yntidL
579,jlogesdaleg4@census.gov,Logesdale,Jud,Uohl2Hc7
580,wspeachleyg5@time.com,Speachley,Waylin,vPhkoz2b
581,cwedderburng6@constantcontact.com,Wedderburn,Carita,aSuAEQ
582,ocoleirog7@marketwatch.com,Coleiro,Odille,jYVw975O
583,egingelg8@sogou.com,Gingel,Ediva,lW1aS1PfRRL
584,srighyg9@fotki.com,Righy,Sidoney,JzJRtJ
585,jdraytonga@newyorker.com,Drayton,Jaimie,zlPi9DLxW8OV
586,sdonigb@omniture.com,Doni,Sande,wFHNspTCof6
587,cstatongc@tamu.edu,Staton,Calley,ZzEa8ReE
588,fflintoftgd@yelp.com,Flintoft,Feodora,IkEokzgnj
589,gjackmange@slashdot.org,Jackman,Gabriellia,KOSPIpwuL
590,lrylancegf@si.edu,Rylance,Lock,dLHqBw7I7xD
591,dbrashgg@bloomberg.com,Brash,Duffy,7RLmn9J7
592,mreedsgh@imdb.com,Reeds,Madlen,tdTKqeuW
593,hpratergi@dedecms.com,Prater,Halimeda,midg8ve
594,beggletongj@plala.or.jp,Eggleton,Brok,7HfyLbz
595,hmashamgk@cbsnews.com,Masham,Helyn,5hZ2YN
596,wgerardgl@sciencedirect.com,Gerard,Walsh,nzJP6b7WgvdD
597,hannicegm@parallels.com,Annice,Hasheem,3SqZb6
598,bisacssongn@privacy.gov.au,Isacsson,Brnaby,Yzq1jbCoJ
599,amcphelimeygo@telegraph.co.uk,McPhelimey,Amory,WI4Z1uS9H
600,nluckingsgp@sbwire.com,Luckings,Noe,rGWeWJGR
601,mbelshamgq@forbes.com,Belsham,Martita,vABKVBlPNq
602,ioxbiegr@umn.edu,Oxbie,Isidor,0COQAIIW2
603,ctreengs@google.com,Treen,Corene,L6j2SAMrv4
604,rmcmurrayagt@java.com,McMurraya,Roxi,T1ErDH1YQXQ
605,bdacombegu@digg.com,Dacombe,Boothe,LsZbUz
606,lbertsongv@spotify.com,Bertson,Laird,AXfJ9robX
607,asommervillegw@ted.com,Sommerville,Amabel,IzSGNzZCK
608,ksavinegx@blogs.com,Savine,Kelli,2pnlSxMUYol
609,ohofergy@globo.com,Hofer,Orson,JsFrw6q
610,sjewersgz@about.me,Jewers,Sula,JBia3qc
611,mstovineh0@storify.com,Stovine,Mallorie,ekNoOvtmwT
612,hsaltwellh1@businesswire.com,Saltwell,Helyn,e4aOr4nX
613,ggeydonh2@wikipedia.org,Geydon,Gerrie,27pvHjqXzF
614,rjillitth3@blogtalkradio.com,Jillitt,Raimondo,JsGuepeibiYP
615,fgabbatth4@ovh.net,Gabbatt,Filbert,tNXuhke
616,mpetruschh5@ycombinator.com,Petrusch,Mahalia,Mgbq3xGI9kG
617,pridingh6@abc.net.au,Riding,Philippa,LdrXr9TKN
618,ktrembloth7@nasa.gov,Tremblot,Kimble,jiyITs
619,ebroadfieldh8@reverbnation.com,Broadfield,Evelin,pY3Bk6AIPt
620,hjuszczykh9@people.com.cn,Juszczyk,Halli,u4Aqk2
621,ekempstonha@stanford.edu,Kempston,Elsey,nHcNe53Qn
622,hcastellettihb@google.cn,Castelletti,Hugibert,HM5CtiLNun
623,imatczakhc@prweb.com,Matczak,Ilyse,T2siKJyxkrgG
624,afarmiloehd@oracle.com,Farmiloe,Andreas,uKJGUs7u
625,kjoiscehe@netvibes.com,Joisce,Kassandra,JZFhga1e
626,jbedsonhf@europa.eu,Bedson,Jacques,3P7vDedTV
627,cevettshg@sogou.com,Evetts,Charline,Q40si4
628,khubbockhh@xrea.com,Hubbock,Kahlil,wn9vTr
629,bscullardhi@booking.com,Scullard,Berty,D304J2GLTe6
630,amurrisonhj@state.gov,Murrison,Adham,QEw8wY4RnW
631,awickshk@dyndns.org,Wicks,Alana,USjTUV
632,jstrainehl@comcast.net,Straine,Jordan,pBs9RX2jyF
633,aanfussohm@princeton.edu,Anfusso,Alwin,Bx9yCskRM96
634,mcriminhn@economist.com,Crimin,Melony,YZlScQUI
635,jshirtcliffeho@drupal.org,Shirtcliffe,Julia,N8hxbf3D
636,vbendallhp@ow.ly,Bendall,Viola,pFLL7us
637,mgodsilhq@dot.gov,Godsil,Menard,dr2uia12TaD
638,ddeporthr@bloomberg.com,Deport,Darcee,mFxmvZOkjsXW
639,rfinniganhs@marketwatch.com,Finnigan,Rafi,C5O3ltVnD
640,aclampeht@edublogs.org,Clampe,Amy,ioQcZ7pIy94u
641,wkiltiehu@zdnet.com,Kiltie,Weider,azzlZml5dp2
642,bwetherellhv@nasa.gov,Wetherell,Burlie,wUk7rky
643,swoolfhw@mozilla.com,Woolf,Steve,KOH3DyYQl
644,iyeldenhx@rakuten.co.jp,Yelden,Isacco,pQGl9jkY
645,fstonhardhy@nydailynews.com,Stonhard,Faunie,SeSMIhuHjD
646,sdignonhz@discuz.net,Dignon,Svend,GE8JQi2oPt3G
647,tmaccallesteri0@weibo.com,MacCallester,Tessie,NBiznTU
648,falboni1@noaa.gov,Albon,Florina,BDgg6nw
649,gbramleyi2@columbia.edu,Bramley,Guglielma,CHSv6Ii
650,ajouannyi3@nytimes.com,Jouanny,Arleta,jTQhlZ4z4L
651,dwelbandi4@hubpages.com,Welband,Damian,bNgyvPyKNw0
652,arogeroti5@meetup.com,Rogerot,Aubry,XoJtVM
653,nfusedalei6@google.de,Fusedale,Nevins,9n8AaeBO
654,swallwoodi7@theatlantic.com,Wallwood,Shirley,GUWvvo
655,epoytherasi8@auda.org.au,Poytheras,Ettore,Y2h08hefyR
656,ahansmani9@sitemeter.com,Hansman,Agneta,drvW9MBq
657,fshoutia@github.com,Shout,Fields,ZTAgbTXvnT9o
658,skellarib@jiathis.com,Kellar,Selina,BMWbvEezrL3H
659,cnorsisteric@netscape.com,Norsister,Calv,vspUsCBUBbGU
660,lmansellid@tinyurl.com,Mansell,Lamont,eiwhdNYc
661,wnozzoliiie@tinypic.com,Nozzolii,Wallache,NQ20Gluzqh3m
662,mmcmahonif@paypal.com,McMahon,Miner,mIixTi2pRm
663,ovasilmanovig@springer.com,Vasilmanov,Ode,unlcRVmqV
664,ghaugerih@ucsd.edu,Hauger,Gwennie,sBZ6pb
665,rbrettelleii@gravatar.com,Brettelle,Red,pTTeBqXUSEH
666,fandreevij@opera.com,Andreev,Francklyn,QKrgEJGF
667,mivashnyovik@hexun.com,Ivashnyov,Matthias,nSOEW6
668,tmacarthuril@posterous.com,MacArthur,Trista,Tg6OpN32
669,ajonahim@smugmug.com,Jonah,Ashlin,h4sxg3hq
670,bleishmanin@soundcloud.com,Leishman,Briney,E4zf4iU
671,kbelsherio@123-reg.co.uk,Belsher,Krystal,gSYsohGVtc3
672,scopoip@aboutads.info,Copo,Sukey,st56I8MD
673,kpanteriq@ebay.co.uk,Panter,Kevyn,XEhPvoR
674,pvescoir@fema.gov,Vesco,Pepi,Ybh6tJUF
675,arumpis@home.pl,Rump,Anderson,H8rIcZS
676,plebellit@paginegialle.it,Lebell,Phebe,A9ZloWJ0go
677,rbrimblecombeiu@odnoklassniki.ru,Brimblecombe,Rebekkah,pMCba7kdmQ4
678,nbohillsiv@go.com,Bohills,Norry,kfi1oVg3
679,khoultoniw@topsy.com,Houlton,Kelci,VwiOmDTDC
680,iwalwoodix@webs.com,Walwood,Isaiah,Y07hejz
681,hglyssanneiy@t-online.de,Glyssanne,Harcourt,JFzSXM
682,rcrankhorniz@senate.gov,Crankhorn,Ronny,xJZJYBmeTYwC
683,ajandelj0@csmonitor.com,Jandel,Adda,GdGt3K
684,fshaddickj1@buzzfeed.com,Shaddick,Fancie,zOfOlyuhUVO
685,jargentej2@oaic.gov.au,Argente,Jacquetta,1FXYCg06CWJ
686,rstovingj3@istockphoto.com,Stoving,Rochette,ij2E8A
687,tluxfordj4@tumblr.com,Luxford,Tana,m8dP4O
688,bmannevillej5@intel.com,Manneville,Blithe,w1GET0x
689,fgormanj6@discuz.net,Gorman,Filbert,iMwIXvsRJQ
690,scahalanj7@prweb.com,Cahalan,Stearn,Rz91fKN8
691,etorraj8@hp.com,Torra,Ernest,vKH99IENuS
692,lrenoufj9@deviantart.com,Renouf,Lesly,AE3l0tVroefz
693,ageorgeja@livejournal.com,George,Aldrich,oClvTKk40Qc3
694,pzannijb@ucsd.edu,Zanni,Pippa,iM7wi6ut6Dw
695,egrocottjc@independent.co.uk,Grocott,Ernst,WcAjn2MCb
696,clangdridgejd@economist.com,Langdridge,Christa,Ln7K0HKoNXA
697,dsnapje@tamu.edu,Snap,Doralynne,92Ll8oU1B5h
698,etourryjf@sohu.com,Tourry,Emalee,roKkph
699,mserrierjg@hibu.com,Serrier,Marla,KE0ns17
700,thallifaxjh@youtu.be,Hallifax,Tess,KzlwC0R8A
701,mkittemanji@wordpress.com,Kitteman,Max,duQnzRwaOIDP
702,gfortjj@quantcast.com,Fort,Glendon,KYndAxRZ9M
703,zrizzardojk@mit.edu,Rizzardo,Zonda,lOiJly3C
704,szecchiniijl@tinyurl.com,Zecchinii,Sigismond,zn0vsVz0HmA
705,wdifrancecshijm@tmall.com,Di Francecshi,Way,OsMDXylT54
706,lbemlottjn@linkedin.com,Bemlott,Lyda,l6XQx2R
707,cockendonjo@last.fm,Ockendon,Cointon,Rf4y0c
708,cthodyjp@skype.com,Thody,Charmaine,jK20Duj
709,msambedgejq@forbes.com,Sambedge,Milissent,SEzKAOfbTf
710,joldingjr@mtv.com,Olding,Jermayne,109zE65Z
711,rkruschevjs@fema.gov,Kruschev,Ruy,qir86Qe
712,cfoulksjt@mit.edu,Foulks,Chase,0VlFC4N6vY
713,starquinioju@arstechnica.com,Tarquinio,Sheffy,lRcZEDtZths
714,dgajewskijv@wix.com,Gajewski,Danya,9xvIkftbp
715,msaddletonjw@edublogs.org,Saddleton,Maryl,jCsrQAh
716,smcarthurjx@cdc.gov,McArthur,Standford,qq5KOnQ34rI
717,mkemmeyjy@rambler.ru,Kemmey,Merwin,VB4tjCld2QW
718,ipenbarthyjz@topsy.com,Penbarthy,Iver,mxG4xs7e
719,tboxallk0@prnewswire.com,Boxall,Tadeo,rORbh7v8D1
720,mvanderwaltk1@nytimes.com,Van Der Walt,Mavra,4NrtPZY6ff
721,kbraunek2@aol.com,Braune,Kerk,gP6Gzkqg
722,lcokek3@narod.ru,Coke,Lula,selCpW
723,cbrodleyk4@myspace.com,Brodley,Clement,m04Ddt
724,cubachk5@mtv.com,Ubach,Corenda,sSb3keCS
725,yagostinik6@exblog.jp,Agostini,Yvon,rlRJqaFX9P
726,aoldeyk7@cbslocal.com,oldey,Anallese,YEPWhG4mqL5p
727,bkornk8@youtube.com,Korn,Brandea,p7MwytX3
728,nrolstonek9@cdc.gov,Rolstone,Nehemiah,HZcZm7F
729,nlagenka@google.com,Lagen,Nisse,TQxNb55IWXG
730,nbriancekb@rakuten.co.jp,Briance,Norma,KdVAcGp7M
731,psyerskc@artisteer.com,Syers,Phaidra,FhHZC4EznX7
732,enorthridgekd@ed.gov,Northridge,Evie,dKBuun6di
733,akintzelke@thetimes.co.uk,Kintzel,Ardene,cO2vUWZMD
734,sfeldmannkf@salon.com,Feldmann,Shandie,pUh2pL53taD
735,kcullingtonkg@imageshack.us,Cullington,Kaleb,CbfglH
736,rmealekh@joomla.org,Meale,Rosita,sq2V3g
737,ndavidofskiki@tiny.cc,Davidofski,Nadine,3l6cIzsao
738,aneillykj@utexas.edu,Neilly,Allegra,y4VOoJgV7k
739,hmullenderkk@narod.ru,Mullender,Hobart,G2NAhsTd9g
740,jlongfutkl@eepurl.com,Longfut,Janessa,nQqUgkyIQNLT
741,cgoronikm@princeton.edu,Goroni,Cameron,V6eYSKLe
742,acockremkn@geocities.com,Cockrem,Adamo,fIaVBy
743,jdumbellko@adobe.com,Dumbell,Judie,1Iek9TCI
744,kbremmerkp@flickr.com,Bremmer,Kliment,xTPm4XQHp
745,phabbenkq@dion.ne.jp,Habben,Paolo,ZK6dycmhGZr
746,fstainskr@rakuten.co.jp,Stains,Ferd,YHmeSroXdiA
747,lciceroneks@odnoklassniki.ru,Cicerone,Laureen,FpzbK3j8la8A
748,ofellgatekt@virginia.edu,Fellgate,Orella,HzcphAesu
749,ctyndallku@bigcartel.com,Tyndall,Carri,VvRWgVUQns
750,cchamkv@google.ca,Cham,Claudia,dnE7VIotY
751,gbrayleykw@un.org,Brayley,Genny,0QwuGA
752,madlingtonkx@scribd.com,Adlington,Moll,90HZaVhq5Q
753,nheinritzky@4shared.com,Heinritz,Norine,VWcFiQbCktAi
754,rhoggettskz@google.com,Hoggetts,Renate,KNojtxDpn5M6
755,ehymanl0@fda.gov,Hyman,Evania,e00IiGNeva
756,cgellyl1@technorati.com,Gelly,Coleman,A4ho6wsZ
757,acolbornl2@behance.net,Colborn,Ancell,rXiHfAG7R0H
758,amuzzalll3@taobao.com,Muzzall,Ariana,S52zL40N8
759,gjenckesl4@cdbaby.com,Jenckes,Grover,Bm1cM0O
760,arollesl5@comsenz.com,Rolles,Allen,JJttvNjMOk1
761,esargel6@tinypic.com,Sarge,Elsi,hm6K7BRvrDs
762,kmccrackenl7@hatena.ne.jp,McCracken,Ki,LqcwaLR2SG
763,mnotleyl8@hubpages.com,Notley,Merle,EmQa9Dh
764,jsuttlingl9@soundcloud.com,Suttling,Jessy,9lFMXOfYcQ
765,mlissendenla@mac.com,Lissenden,Manfred,ou166tTxQx
766,scoillb@nasa.gov,Coil,Sharl,z203YOhqULe7
767,abrasselc@amazonaws.com,Brasse,Alexei,xHGp4uQ
768,cmcgeeld@bandcamp.com,McGee,Coletta,Zm1CaQbLRU
769,jcadele@instagram.com,Cade,Jilleen,eFX8WfYid
770,ovealllf@drupal.org,Veall,Oswell,hj6L3uz
771,kdrustlg@sakura.ne.jp,Drust,Karl,s6jd8OFo
772,akiendllh@phpbb.com,Kiendl,Avrom,00OCBw
773,carundellli@bloglines.com,Arundell,Carie,PFAp0C
774,mcammislj@statcounter.com,Cammis,Murdock,b77Z3mj
775,frosenqvistlk@ask.com,Rosenqvist,Freeland,mFkQTR
776,sbembridgell@apple.com,Bembridge,Stacy,r5ZZaF
777,rschollerlm@irs.gov,Scholler,Rosemonde,WCjpaWYKuyX
778,dbolusln@multiply.com,Bolus,Durward,SaHi8ArKnFs
779,mtreskelo@uiuc.edu,Treske,Maximilianus,74Pj9rC3
780,ksuthworthlp@ca.gov,Suthworth,Kesley,DviLk6VQG
781,osheedlq@aboutads.info,Sheed,Olav,ue1xBuo5
782,mpavluklr@chron.com,Pavluk,Merrily,idvuVi
783,mhelgassls@storify.com,Helgass,Myra,Y43eKt
784,wjoveylt@livejournal.com,Jovey,Wainwright,L1rAbTISS6E3
785,mullettlu@godaddy.com,Ullett,Meghann,MqPiaNM8
786,scartmanlv@bbc.co.uk,Cartman,Sutherlan,dILw6P
787,omuddimerlw@unblog.fr,Muddimer,Oona,DoHc513
788,gdrinkhalllx@wikispaces.com,Drinkhall,Gabbey,wGXO7ds
789,mchownly@loc.gov,Chown,Mirna,rNIAmD0ixkI
790,tknowltonlz@spotify.com,Knowlton,Timofei,HXGHCjYuU5
791,mtankusm0@amazon.co.jp,Tankus,Morgan,O3LSUrgxTyPH
792,jmcknielym1@sbwire.com,McKniely,Julie,osPd2Rmq
793,fnelmm2@multiply.com,Nelm,Fabien,rz6Kv4cHn
794,sdonaherm3@ovh.net,Donaher,Sibylle,L1ymBLbKn
795,cgobournm4@cdbaby.com,Gobourn,Corella,9lCBIn
796,rwishkarm5@tripadvisor.com,Wishkar,Randy,Cx4wfXoDfswD
797,wgainsburghm6@tmall.com,Gainsburgh,Whitaker,CdbMKkS
798,wleggesm7@uol.com.br,Legges,Wallache,8NGdCY
799,mnockoldsm8@networkadvertising.org,Nockolds,Merilyn,6ZxNtf8sP
800,gmoreinism9@cargocollective.com,Moreinis,Glynis,ZcBUg6oX3wKb
801,lbeekmannma@tinyurl.com,Beekmann,Linette,pWZyzxR
802,kcapellmb@walmart.com,Capell,Kippie,QswATU
803,amccarlemc@gravatar.com,McCarle,Abdul,AfpxRG
804,vhyndesmd@who.int,Hyndes,Vidovik,j9VhHyUanfev
805,abittlesonme@google.de,Bittleson,Aidan,uITba19
806,zlegallomf@tripadvisor.com,Le Gallo,Zahara,LnHY85Kxu7k4
807,ksnedenmg@quantcast.com,Sneden,Katherina,nfyW8w3k5
808,xsacasemh@typepad.com,Sacase,Xylia,dFL9QLAnTWVh
809,afibbenmi@apache.org,Fibben,Ancell,TMO5t50a
810,kburgemj@goodreads.com,Burge,Kaylil,6145475Gb
811,wreaymk@cdc.gov,Reay,Wallace,0WCqGRSWOul
812,nkobielaml@live.com,Kobiela,Nariko,2u1G245w
813,rmccurriemm@infoseek.co.jp,McCurrie,Ronny,6IrrScRtm
814,jlittellmn@hatena.ne.jp,Littell,Jenni,FTOp4gWdSs
815,slanslymo@google.co.uk,Lansly,Sarah,5V6lwQ
816,jspofforthmp@reverbnation.com,Spofforth,Josefa,hVgIP6Ndri
817,bmoulstermq@globo.com,Moulster,Beverley,hjIkMe4
818,gdudneymr@foxnews.com,Dudney,George,g9n9oDPLdCRE
819,mkolczynskims@mlb.com,Kolczynski,Marv,h68ZfIxLN
820,tmitchesonmt@ucoz.com,Mitcheson,Todd,../../../../../../../../../../../etc/passwd%00
821,mklynermu@mozilla.org,Klyner,Marlin,IDoofPLvUV
822,rstrowthermv@disqus.com,Strowther,Rhona,Q3AYWG
823,epaffleymw@mayoclinic.com,Paffley,Elton,utDFZvTWgf0
824,mfaggemx@shinystat.com,Fagge,Marilyn,Zw5dAWdfXH
825,sbingmy@illinois.edu,Bing,Shannan,o0e3ycQgqz
826,fogrowganemz@yolasite.com,O'Growgane,Fanni,CnmdZT16
827,jpalomban0@slashdot.org,Palomba,Javier,dlRVCXSWW
828,ejobbingn1@irs.gov,Jobbing,Efrem,E142LtYGUFBz
829,mpischoffn2@washingtonpost.com,Pischoff,Mirabel,9fOORNgDpD9
830,ftroyesn3@addtoany.com,Troyes,Freda,LhxGXgI
831,gbramfordn4@privacy.gov.au,Bramford,Giorgi,BoyqAebz
832,ehallickn5@vk.com,Hallick,Esta,DIbenaZSdapR
833,feliyahun6@cafepress.com,Eliyahu,Flory,xS1MLsStQRS
834,escranedgen7@tmall.com,Scranedge,Elonore,nBjHmuplvr
835,gstorkesn8@usda.gov,Storkes,Gard,ubK3o6euu
836,bfanen9@taobao.com,Fane,Blinnie,sdocmJIL4nD
837,gglendiningna@purevolume.com,Glendining,Gregoor,GQp8uZmNpwMd
838,dcockingsnb@guardian.co.uk,Cockings,Deeanne,Kjk0M1RHIu01
839,tpointinnc@ucoz.ru,Pointin,Tome,6iyivNT
840,nwoodisonnd@t.co,Woodison,Nerissa,6Sifi8G
841,mwilhelmyne@fda.gov,Wilhelmy,Merrily,bmHCRuYrKWdH
842,abonnefinnf@foxnews.com,Bonnefin,Abdel,AxoR55iN
843,laldrittng@vinaora.com,Aldritt,Lyell,Os3C2J
844,cdunsnh@skype.com,Duns,Cornall,lJV0eH
845,tmcquorkellni@washington.edu,McQuorkell,Tomi,S4nWMwdcBj7
846,bmitronj@china.com.cn,Mitro,Burke,REhB2uEkR
847,cabramowitchnk@google.com.hk,Abramowitch,Chance,bC47mfRM8r
848,imaggsnl@ed.gov,Maggs,Inger,9pJeumeqCBCR
849,acunningtonnm@google.com.hk,Cunnington,Alfonso,NCGzqQWM3
850,ewildsnn@noaa.gov,Wilds,Erik,aplL2Rryu
851,adelfno@wikipedia.org,Delf,Angy,wGT9rKJAJs
852,smalamorenp@cbc.ca,Malamore,Sutton,aKjkEl
853,swalsternq@va.gov,Walster,Sollie,xzBoPe
854,gcornilsnr@fastcompany.com,Cornils,Giffie,5yAKMdDS8pQE
855,dvercruyssens@lycos.com,Vercruysse,Dory,G0aGA1P8R
856,pminghint@xrea.com,Minghi,Pieter,5CbfyE9yYhr
857,areilingnu@hc360.com,Reiling,Amii,pbQOEa3
858,lsayenv@japanpost.jp,Saye,Libbie,QhsBtBvQP
859,wguillonnw@behance.net,Guillon,Wilfrid,vqPBOOdBjET
860,mblissettnx@biblegateway.com,Blissett,Mandy,XiSM0U0TrB
861,tblankhornny@netlog.com,Blankhorn,Tabor,oQupjDbs7
862,sballardnz@multiply.com,Ballard,Silvia,S8TCWA4
863,chindgeo0@icq.com,Hindge,Collen,BHMGZJb
864,tstotharto1@phpbb.com,Stothart,Terri,Yud4ViB
865,chynardo2@patch.com,Hynard,Carlo,0jiK3AFxu
866,cmendoncao3@java.com,Mendonca,Cecil,mgnlXXyt
867,jkubickao4@shop-pro.jp,Kubicka,Jory,zjoEu5uJwm
868,ijonsono5@networkadvertising.org,Jonson,Inna,xCMP5h0w
869,rstepneyo6@amazon.com,Stepney,Roseanna,bx5Q3q22fJcW
870,sahrendseno7@dailymail.co.uk,Ahrendsen,Sullivan,w1h3onJvaHAZ
871,wmeoo8@reddit.com,Meo,Westley,MAQto60x
872,ckoselo9@uol.com.br,Kosel,Codie,V4AehV
873,vbalkoa@simplemachines.org,Balk,Vivianna,Sc093LIRM7
874,mbuttrissob@exblog.jp,Buttriss,Mella,4wATgPBgplN
875,bhonywilloc@nationalgeographic.com,Honywill,Binni,X2hdBhwqTKyT
876,pboldenod@omniture.com,Bolden,Petronille,wcR3iJzDtHTK
877,kbrocketoe@japanpost.jp,Brocket,Kiley,6CLfnBLaAqu
878,lportsmouthof@mozilla.com,Portsmouth,Louisa,WTBFk4
879,tlethcoeog@deviantart.com,Lethcoe,Tessa,vDmfzvxFdD7
880,bshillanoh@privacy.gov.au,Shillan,Brendin,vTxaZu4K
881,thoudmontoi@t-online.de,Houdmont,Teddy,BDar6RrbW
882,arandelloj@gizmodo.com,Randell,Anthia,3TSM5uObP37
883,ppoxonok@goo.ne.jp,Poxon,Pammie,IzyXNLUb
884,ffearyol@ustream.tv,Feary,Fairfax,6HbK3n0sHUW0
885,fspilsteadom@merriam-webster.com,Spilstead,Felicio,CoGP8NbW2M3A
886,mnottramon@cargocollective.com,Nottram,Menard,74wxbTBeuxW
887,aadanezoo@cafepress.com,Adanez,Alysia,8Zd1js
888,nmcnernop@chicagotribune.com,McNern,Noelyn,fwB1k6eeY
889,jbambroughoq@rakuten.co.jp,Bambrough,Judd,52mpOHlPYp
890,bbetunor@spotify.com,Betun,Bayard,oNelXUlEYIBI
891,jbelamyos@fema.gov,Belamy,Janith,AJVQSRhCvytq
892,cfaithfullot@nsw.gov.au,Faithfull,Claybourne,uV5yDz
893,jterronou@ustream.tv,Terron,Jeana,zZOUUobtQgyU
894,mhurseyov@digg.com,Hursey,Marrissa,NiWCbubkQ
895,mbilhamow@upenn.edu,Bilham,Mallory,wekJV9Y
896,kpenniniox@linkedin.com,Pennini,Klara,RIs7mvjeeo
897,ttapperoy@sphinn.com,Tapper,Torr,udwNWeaB3L
898,mgirdwoodoz@apple.com,Girdwood,Marice,8EjdWx
899,eianellip0@photobucket.com,Ianelli,Elisabetta,RY8u9x5Kuujq
900,gcavep1@theguardian.com,Cave,Gordan,tHJHgMzqKPO
901,rnoorwoodp2@army.mil,Noorwood,Roy,P4fuwsi1v
902,bbaldingp3@state.tx.us,Balding,Brantley,JqAjtrAN
903,thyamp4@desdev.cn,Hyam,Troy,Ybad1tPh
904,tconnowp5@yellowpages.com,Connow,Tiertza,5OrSqzA4ug
905,tfearensidep6@histats.com,Fearenside,Torie,mcSAPyEbW
906,dfeaksp7@tripadvisor.com,Feaks,Dwight,jhVrS6
907,ascotchmoorp8@businessinsider.com,Scotchmoor,Arlen,5XIMskoXmD8V
908,ckusickp9@baidu.com,Kusick,Cyndy,IzdZc1VUkL
909,awimbridgepa@ycombinator.com,Wimbridge,Anitra,NaIIU2fBg0E
910,dlemarchantpb@census.gov,Le Marchant,Denny,gToMOSO2cIza
911,dmatthiaspc@github.io,Matthias,Deeanne,qm9pGgFA
912,dmacpharlainpd@mashable.com,MacPharlain,Davide,f66ItqLECMV
913,ebollanspe@canalblog.com,Bollans,Edeline,8ZO8oD0xsa
914,rcristoupf@ox.ac.uk,Cristou,Ryun,VeBKZmP9tAT
915,lclaridgepg@huffingtonpost.com,Claridge,Lisette,NIi3YMfH
916,mkelshawph@biblegateway.com,Kelshaw,Miriam,72pJKulABr
917,geichpi@acquirethisname.com,Eich,Godard,WFFzoa
918,ielnorpj@elpais.com,Elnor,Iggie,6065kx39Ew
919,jwithinshawpk@feedburner.com,Withinshaw,Jorey,VrUYpqAsfZwk
920,kockendonpl@webnode.com,Ockendon,Kakalina,LLi7A6Sx
921,osheftonpm@businesswire.com,Shefton,Orelia,bOfPR6Q5c
922,mmccambridgepn@prnewswire.com,McCambridge,Magdalena,abqiUwRR1c
923,bbellengerpo@netvibes.com,Bellenger,Basia,gLRiliYLuxY4
924,aleadbetterpp@psu.edu,Leadbetter,Ardith,6chuJrc
925,nallottpq@paginegialle.it,Allott,Natalie,CD0fbdFwh
926,wlipscombpr@economist.com,Lipscomb,Willard,USWJ0j
927,wepiscopips@japanpost.jp,Episcopi,Wilden,lHxB07g
928,aemanulssonpt@eepurl.com,Emanulsson,Alvy,sBtN9O
929,ahawthornpu@flavors.me,Hawthorn,Alma,vXk1SmpMeD
930,kburgoinpv@wufoo.com,Burgoin,Kele,C2KiYM2
931,swagerpw@tinyurl.com,Wager,Shaun,hFY8klyTv
932,esearsonpx@wsj.com,Searson,Emily,zA9UTNa3L7z
933,gmccaheypy@princeton.edu,McCahey,Gale,IerVaWMw
934,cborleypz@elegantthemes.com,Borley,Cart,giyF5eP
935,crobeletq0@yandex.ru,Robelet,Crissy,IbQKTWAf
936,ybonifaceq1@blinklist.com,Boniface,Ysabel,olZRwwE9
937,adormerq2@ameblo.jp,Dormer,Annette,e3YoYG
938,msillisq3@goo.gl,Sillis,Mitchel,iJ4iemtqP
939,wocannanq4@flickr.com,O'Cannan,Ward,sc93rh
940,astoakleyq5@dagondesign.com,Stoakley,Angie,ACzL21zeI6P2
941,bmatyasikq6@nasa.gov,Matyasik,Brock,PQSddJ
942,swarretq7@dailymail.co.uk,Warret,Sephira,3RHk4Tn
943,apredohlq8@ifeng.com,Predohl,Alanna,HLfiNzSf
944,hamphlettq9@oracle.com,Amphlett,Hewitt,mXGjObr
945,ppeadenqa@unc.edu,Peaden,Perri,amJ9PN
946,cjouanotqb@statcounter.com,Jouanot,Cherry,Rqq1n5TAj
947,ebumphriesqc@mashable.com,Bumphries,Edie,f42PqtK6K
948,mstrathernqd@amazon.co.jp,Strathern,Mayor,PK4H8asN7j0
949,brosenfieldqe@nba.com,Rosenfield,Baxter,x1IPtf
950,sgrealeyqf@sogou.com,Grealey,Shaine,anlKVLS901V7
951,otungayqg@i2i.jp,Tungay,Orran,oWKxjqh7
952,carchdeaconqh@paginegialle.it,Archdeacon,Cody,5JHrdiDc
953,fterryqi@livejournal.com,Terry,Fayth,qL5jQrHxK
954,gwottonqj@de.vu,Wotton,Gaynor,7o9g25m
955,hsaltqk@people.com.cn,Salt,Helene,J9PGpf7
956,bmessamql@springer.com,Messam,Bax,KLPfpih
957,obadbyqm@amazon.com,Badby,Olva,6eCnEgIQUv
958,docloneyqn@cornell.edu,O' Cloney,Daisie,6MrRf0vKHkJu
959,rwriterqo@youtube.com,Writer,Rhona,7Rcfz4lo
960,nrimeqp@hhs.gov,Rime,Nathaniel,qjCMOF4L
961,mbaythorpqq@ezinearticles.com,Baythorp,Marleah,3bdcNdsXB
962,ehullqs@intel.com,Hull,Eunice,70vECT
963,fharfleteqt@businessweek.com,Harflete,Fedora,OMYf2gZN
964,catkinqu@ucsd.edu,Atkin,Cyrus,W3YBCw44vt5
965,sstoltzqv@ocn.ne.jp,Stoltz,Si,JPaB8h2u
966,tchatterisqw@bbb.org,Chatteris,Tabby,A9MtqQ
967,hbarbaraqx@earthlink.net,Barbara,Hulda,1Ocp6Rz0DU
968,ehartleyqy@gravatar.com,Hartley,Erica,YQVSOJ3
969,sfrossellqz@hatena.ne.jp,Frossell,Sally,nE5THbZU
970,ngertzr1@fc2.com,Gertz,Neala,trK5yY81
971,tkynettr2@e-recht24.de,Kynett,Tamma,P10KCSHuk
972,adinapolir3@state.tx.us,Di Napoli,Alla,B4hPSVLEFp4d
973,ddickeyr4@nymag.com,Dickey,Deana,K96bn2adzMnX
974,ksybryr5@gmpg.org,Sybry,Kayle,dKUQl6ci4
975,eferrillior6@washingtonpost.com,Ferrillio,Erda,xDbRUCQc1nA
976,gocloneyr7@skyrock.com,O' Cloney,Gardie,FqrAI5EHWAh
977,aeggarr8@hud.gov,Eggar,Althea,psWEtDt8BoeN
978,sscowcraftr9@nsw.gov.au,Scowcraft,Scotty,b8wnfe
979,ccapnorra@macromedia.com,Capnor,Cammy,auyXTENVBW
980,wleallerb@sfgate.com,Lealle,Waylan,ETMAEA
981,amccalumrc@berkeley.edu,McCalum,Alaine,lVdi9DMgA
982,zgueinnrd@unc.edu,Gueinn,Zonda,0TbSWNE0kmW
983,bcrowdyre@163.com,Crowdy,Bryana,AWm89dP
984,jlabarf@hostgator.com,Laba,Jillana,YZKzpU
985,rbengalrg@bbc.co.uk,Bengal,Ranna,woSCZQK2Y
986,aacasterrh@telegraph.co.uk,Acaster,Atlante,kEfcVxCIHF
987,skirkbrideri@theatlantic.com,Kirkbride,Sayre,itoXtflB
988,jshyramrj@bloglovin.com,Shyram,Jamill,JGWO6nPqynCg
989,acarnduffrk@nih.gov,Carnduff,Aurel,hVqUALxM
990,lattriderl@feedburner.com,Attride,Lida,aDt0BkG4M
991,wfranklynrm@dailymotion.com,Franklyn,Wini,pKgIbylQlr
992,jbellardrn@nba.com,Bellard,Josefina,ZeBXV4Lc52zS
993,epooltonro@diigo.com,Poolton,Ernesta,7ZBrWlhCrD8h
994,sguwerrp@google.ru,Guwer,Sigismond,h4n74yDTv
995,athebeaurq@businessweek.com,Thebeau,Adorne,q7GwE1oR5wE
996,oclingoerr@rambler.ru,Clingoe,Odille,eX5yZ9Rz
